idDBLP,idScholar
conf/sigmod/AbadiCCCCEGHMRSSTXYZ03,gBVNSFeS4P8J
conf/sigmod/AbiteboulCM95,DakOA4Ew-poJ
conf/sigmod/AcharyaAFZ95,2fO9nM2FoGYJ
conf/sigmod/AcharyaAFZ95,h2z51QPXcSkJ
conf/sigmod/AcharyaFZ97,9OEjtHuRUzsJ
conf/sigmod/AcharyaGP00,WGWZ2cNZW2YJ
conf/sigmod/AcharyaPR99,0dY1brFaEzgJ
conf/sigmod/AcharyaPR99,KrVgTXcNPPUJ
conf/sigmod/AchyutuniON96,eRSkDzxP1JcJ
conf/sigmod/AdaliSS99,c2dH5RxNj6kJ
conf/sigmod/AdelbergGK95,NbLabaGWoh4J
conf/sigmod/AdyaGLM95,EP8u32KwMe4J
conf/sigmod/AdyaGLM95,FlE1JdgElGQJ
conf/sigmod/Agarwal96,ALk7huiKjWAJ
conf/sigmod/Agarwal96,Ca-BABwlsQAJ
conf/sigmod/Agarwal96,Fd0jPlSwFWcJ
conf/sigmod/AggarwalY00,dfSPs7YoyWsJ
conf/sigmod/AggarwalY00,x5jeMyauzWgJ
conf/sigmod/AgrawalGGR98,rSTewQ1dQkYJ
conf/sigmod/AgrawalGGR98,v9JW-UJCD-YJ
conf/sigmod/AgrawalGGR98,x8fDHaNkSUIJ
conf/sigmod/AgrawalS00,ufPUBsN4eg0J
conf/sigmod/AshleyFHLNP95,tL67lYBCRO4J
conf/sigmod/Atkinson95,url:http://portal.acm.org/citation.cfm%3Fid%3D223874
conf/sigmod/BabuGR01,zQCRmiH6jo4J
conf/sigmod/BarbaraI94,XfvqAOX1qo4J
conf/sigmod/BaruGLMPVC99,arQIThq-W4gJ
conf/sigmod/BaruGLMPVC99,wsNuAYMG0QEJ
conf/sigmod/BerensonBGMOO95,-CQaLTpGJLQJ
conf/sigmod/BerensonBGMOO95,w9IzqrZAa74J
conf/sigmod/BilirisFOP96,VakyeJZNPM0J
conf/sigmod/BilirisP94,KYhmilHkq_IJ
conf/sigmod/BohmA96,978pJCGhaGoJ
conf/sigmod/BreunigKNS00,KILdAgEb2OsJ
conf/sigmod/BreunigKNS00,vezxTIGxNywJ
conf/sigmod/BrodskyK95,6t_N5axEm7cJ
conf/sigmod/BumbulisB02,Ev27auQiecUJ
conf/sigmod/BunemanDHS96,R128Of6zyGgJ
conf/sigmod/Carey94,Lj8CI8ALd9UJ
conf/sigmod/CareyK97,yuAO6FZOXmQJ
conf/sigmod/CatarciS94,ga4l4QhCXU4J
conf/sigmod/Cattell94,QgR0DgMbdgIJ
conf/sigmod/CeriFP98,iUGa3pKj-20J
conf/sigmod/ChangG99,vjxJ_rBwdMkJ
conf/sigmod/ChaudhuriD97,4zZ7Lxt4PPIJ
conf/sigmod/ChaudhuriD97,gY652XXjHB8J
conf/sigmod/ChaudhuriDN01,qfohkpyTawoJ
conf/sigmod/ChaudhuriGN02,KrfR8djb3C8J
conf/sigmod/ChaudhuriGN02,y461yNb2GEcJ
conf/sigmod/ChenJDTW00,KlxPr0YoE_sJ
conf/sigmod/ChenJDTW00,OsfWKJek9L8J
conf/sigmod/ChenZCKR01,RHoy5iOHsJwJ
conf/sigmod/ColbyGLMT96,tGBhWHHU7hsJ
conf/sigmod/ColbyKLMR97,0FohHTWs5toJ
conf/sigmod/ColbyKLMR97,fDiU6std8e0J
conf/sigmod/ColeG94,_6wwPJEGUiAJ
conf/sigmod/ColeG94,qpYRj0BgQz4J
conf/sigmod/ColeG94,z_W8jZ203sUJ
conf/sigmod/Cotton02,url:http://portal.acm.org/ft_gateway.cfm%3Fid%3D564792%26type%3Dpdf
conf/sigmod/DeshpandeNGS03,aBiqHXGXoJEJ
conf/sigmod/DeutschFS99,2lypQEgzfb8J
conf/sigmod/DeutschFS99,De_3PkxkhzIJ
conf/sigmod/DeutschFS99,kDYpG4mLjLkJ
conf/sigmod/DeutschFS99,QxtGOVsCF78J
conf/sigmod/DeutschFS99,SYaXErlVlcAJ
conf/sigmod/DeutschFS99,twQNwr-jFmoJ
conf/sigmod/DobraGGR02,v7A9Otp7OjsJ
conf/sigmod/DogacTPPLKTK02,juQlvnYuPxwJ
conf/sigmod/DogacTPPLKTK02,VAOk1X8Ja30J
conf/sigmod/DogacTPPLKTK02,wi8177RdPBYJ
conf/sigmod/FaloutsosSTT00,qsWDIfzBxiQJ
conf/sigmod/FaloutsosSTT00,Sqy1tqGEnxsJ
conf/sigmod/FernandezFKLS97,4BpkEHas0LcJ
conf/sigmod/FernandezFKLS97,ek26aiEheesJ
conf/sigmod/FernandezS96,9bgA6C_HqvQJ
conf/sigmod/FranklinZ98,K_qOxjIJWpQJ
conf/sigmod/FreireHRRS02,YKkMxZntSUQJ
conf/sigmod/Galhardas00,QhUFQCApL8wJ
conf/sigmod/Galindo-Legaria94,iEs59H5EFHwJ
conf/sigmod/GangulyGMS96,zeikJQZ2KM4J
conf/sigmod/GebhardtJJ97,9mbr0dyW1NgJ
conf/sigmod/GebhardtJJ97,ks4Wxa8dHNIJ
conf/sigmod/GetoorTK01,bvdJYU3xG_YJ
conf/sigmod/GibbonsM98,4EgMtIywBRUJ
conf/sigmod/GoldmanW00,Ol886Ck3jz4J
conf/sigmod/GravanoGT94,81oh7EDAYeoJ
conf/sigmod/GravanoGT94,nAJnhh70_0kJ
conf/sigmod/GravanoGT94,VxiP2MuiMM0J
conf/sigmod/GravanoGT94,We2mw93oKL4J
conf/sigmod/GravanoGT94,z26H2tQo7bkJ
conf/sigmod/GrayHOS96,_pjwP11t_y8J
conf/sigmod/GrayHOS96,OLt5pqtQf3YJ
conf/sigmod/GraySEBW94,SG9kpHg_arUJ
conf/sigmod/GuoSBS03,p_PDgjVRUS4J
conf/sigmod/GuptaMR95,7ggq-jY7UEYJ
conf/sigmod/GuptaMR95,InJyYTfzN50J
conf/sigmod/HaasH01,tHEP1S1typgJ
conf/sigmod/HanKK97,NIfccqToMb8J
conf/sigmod/HanKK97,-X-ZldO8A7kJ
conf/sigmod/HanKS97,nD_Yjp9TNuIJ
conf/sigmod/HanPDW01,CnAw9v-vEjwJ
conf/sigmod/HanPDW01,XyYCahzDAh8J
conf/sigmod/HanPY00,2xwKDuA0DI8J
conf/sigmod/HanPY00,aUm_NiRzVOIJ
conf/sigmod/HanPY00,GlNt7w28aE8J
conf/sigmod/HanPY00,l4SlX8_cAeQJ
conf/sigmod/HanPY00,R-ERjYdCskcJ
conf/sigmod/HanPY00,Ywgd3RbAfl0J
conf/sigmod/HanWDPW02,nwWpGh3Mx7MJ
conf/sigmod/HarinarayanRU96,8A_9ucHRXyIJ
conf/sigmod/HarinarayanRU96,Fyek_kCB-qkJ
conf/sigmod/HarinarayanRU96,ofxLw3VrJB8J
conf/sigmod/HarinarayanRU96,Qv7KYn9x-SQJ
conf/sigmod/HarinarayanRU96,uKGmcc4xUG4J
conf/sigmod/Hellerstein94,Nn0LzB8rUPEJ
conf/sigmod/Hellerstein94,r4adn1YKOFIJ
conf/sigmod/HellersteinN96,_hDCldPyum0J
conf/sigmod/HellersteinN96,5vvOcgfpjUgJ
conf/sigmod/HernandezS95,IHy3bqAuSOUJ
conf/sigmod/HjaltasonS98,3mwWUz_ORNYJ
conf/sigmod/HuangSW94,5Chw6HN64vEJ
conf/sigmod/ImielinskiVB94,8EC1IBh8MZkJ
conf/sigmod/ImielinskiVB94,9KBHBWVwKZsJ
conf/sigmod/ImielinskiVB94,AhacU8AzwSUJ
conf/sigmod/ImielinskiVB94,MdMdCC38z4UJ
conf/sigmod/ImielinskiVB94,VdUSfNE_8i8J
conf/sigmod/ImielinskiVB94,V-LO20klzSYJ
conf/sigmod/IoannidisL94,dDHNsS9sisEJ
conf/sigmod/IvesLPST00,4-FwpSOweRAJ
conf/sigmod/JohnsonD03,5OYgUpRggiMJ
conf/sigmod/KementsietsidisAM03,jCudeTapg5IJ
conf/sigmod/KementsietsidisAM03,vO7aBWspoyMJ
conf/sigmod/KimC03,BWV2Oys1VXsJ
conf/sigmod/Kleissner95,DB8lVC2D9fcJ
conf/sigmod/Lassettre98,7p2MaOtr7u8J
conf/sigmod/LazaridisM01,IvMJ4bK708kJ
conf/sigmod/LeeWMS01,6NI_YrVysEMJ
conf/sigmod/LeeWMS01,OFXL5KsJiWcJ
conf/sigmod/LibkinMW96,OfZWx8jhQvwJ
conf/sigmod/LibkinMW96,uxD8p47apUYJ
conf/sigmod/LiCHH97,vjqDlXKHfzoJ
conf/sigmod/LiefkeS00,epCsER2LDJgJ
conf/sigmod/LiefkeS00,GFCznyVaj5UJ
conf/sigmod/LiskovACDGGMMS96,0Mj8N23H1QEJ
conf/sigmod/LiskovACDGGMMS96,Ey7Mbh6IdQIJ
conf/sigmod/LoR94,3CMnzSHX7KoJ
conf/sigmod/MankuRL99,vry1-y-mFF8J
conf/sigmod/MankuRL99,X94gDE70Zn0J
conf/sigmod/MarklL02,5fSqMJg7FV4J
conf/sigmod/MatiasVW98,6WjESNMzLvgJ
conf/sigmod/MayrS99,1lRZz4bZvxEJ
conf/sigmod/MeccaAMMS98,J-7xdqqW5RwJ
conf/sigmod/Miller98,7f6Q9GgXsmgJ
conf/sigmod/Mohan96,C-yzbvoAg00J
conf/sigmod/Moore95,uh57sQuxYuIJ
conf/sigmod/NgLHM99,YemauUgIzlcJ
conf/sigmod/NguyenACP01,A57h1N3H3pgJ
conf/sigmod/OhHP00,cFpgCsBTSBEJ
conf/sigmod/OlstonWL01,I_YprPVQ45QJ
conf/sigmod/ONeilQ97,359PjJkfNhQJ
conf/sigmod/ONeilQ97,6twtfqrudGcJ
conf/sigmod/ONeilQ97,lMTodOXT45MJ
conf/sigmod/ONeilQ97,tK0HTC7qEmcJ
conf/sigmod/PapakonstantinouV99,5iBUkqCy-KAJ
conf/sigmod/PapakonstantinouV99,du5GsqT0_vQJ
conf/sigmod/PatelYKTNBHRLEKGDN97,0inuMFZSQ50J
conf/sigmod/PoosalaIHS96,7arvzxTqC9MJ
conf/sigmod/PoosalaIHS96,uveOdmVtqRMJ
conf/sigmod/RafieiM97,N-kEDX56ek0J
conf/sigmod/RafieiM97,otOkT3t9kUQJ
conf/sigmod/RafieiM97,UBACGF9cQ2UJ
conf/sigmod/RamakrishnanD98,LSNo-7ii1vEJ
conf/sigmod/RamakrishnanD98,url:http://portal.acm.org/citation.cfm%3Fid%3D276305.276361%26dl%3DGUIDE%26dl%3DACM%26idx%3D276305%26part%3Dperiodical%26WantType%3Dperiodical%26title%3DACM%2520SIGMOD%2520Record%26CFID%3D11111111%26CFTOKEN%3D2222222
conf/sigmod/RamaswamyRS00,o0vnSBVzRQcJ
conf/sigmod/RaoR00,wp2_GObi-XkJ
conf/sigmod/RaoR98,iqZZMPppeKAJ
conf/sigmod/RodriguezR00,MCDgDxsc8rcJ
conf/sigmod/RothAHCCFSTW96,yfTTlN56sCUJ
conf/sigmod/RoussopoulosKV95,00c1qmRdM5IJ
conf/sigmod/RoussopoulosKV95,Dd0_gi74jCQJ
conf/sigmod/RundensteinerCLCZNJLW99,SADcQZhMqgEJ
conf/sigmod/RundensteinerKRCJM96,nyHFfFtClVsJ
conf/sigmod/RundensteinerKZWLLN99,2XRfNjwuDrsJ
conf/sigmod/SalemBCL00,FElMcikK2GUJ
conf/sigmod/Sarawagi00,H_bdYlpD79oJ
conf/sigmod/Sarawagi00,-cYYeoF2GwMJ
conf/sigmod/SarawagiTA98,0Vmsc0oib2kJ
conf/sigmod/SarawagiTA98,ut4Y99B1094J
conf/sigmod/SarawagiTA98,ZLUo-gCGx5EJ
conf/sigmod/Tajima96,IZSzLlgi8tUJ
conf/sigmod/TsueiPK97,DpQGq6n1jnkJ
conf/sigmod/Ubell94,lphlTARDI9YJ
conf/sigmod/VingralekBW94,rM8Ecg1WL4kJ
conf/sigmod/VriesMNK02,dVn0Led5JLAJ
conf/sigmod/WangCMSSZ94,_Xj-7At79joJ
conf/sigmod/WangSSZZW00,CaplZan57x4J
conf/sigmod/WilschutFA95,Zdfxvjh6ca8J
conf/sigmod/WodtkeWWDM97,XoAeyeaR-yAJ
conf/sigmod/Wu99,xl1Jscb79KEJ
conf/sigmod/ZaharioudakisCLPU00,qzxeS4RQAhwJ
conf/sigmod/ZhangNBB94,bymQ_6SSse4J
conf/sigmod/ZhangNBB94,HItpqMOcE8gJ
conf/sigmod/ZhaoDN97,b-Va1c3t13gJ
conf/sigmod/ZhaoDN97,chYdQDE8cPsJ
conf/sigmod/ZhugeGHW95,_XLK2p-e2pYJ
conf/sigmod/ZhugeGHW95,36ibNcuzKVAJ
conf/sigmod/ZhugeGHW95,lUxILYnWlLYJ
conf/sigmod/ZhugeGHW95,SSwR2rhkJk0J
conf/sigmod/ZuzartePMCLW03,url:http://portal.acm.org/citation.cfm%3Fid%3D872757.872840
conf/vldb/AboulnagaAN01,OBbDFGQNEDQJ
conf/vldb/AboulnagaAN01,P6wBeL9DsREJ
conf/vldb/AbrolLMMMRTWZ01,w9Ma-YjZHYkJ
conf/vldb/AcharyaFZ96,ccEW59Ac84MJ
conf/vldb/AcharyaFZ96,oH_xfQI8wIgJ
conf/vldb/AcharyaFZ96,sSwdOhIGec0J
conf/vldb/AgarwalADGNRS96,E4fU9kpfXQsJ
conf/vldb/AgarwalADGNRS96,iX8lBZBEgSwJ
conf/vldb/AgarwalADGNRS96,jugePLZ8yKcJ
conf/vldb/AgarwalADGNRS96,pRIP3vfQtpEJ
conf/vldb/AgarwalADGNRS96,xjlz3nY-EZsJ
conf/vldb/AgrawalCN00,b9uF_OTTHIEJ
conf/vldb/AgrawalCN00,U8CMJBaJyX8J
conf/vldb/AgrawalPWZ95,wu8UrFu8Tu8J
conf/vldb/AgrawalSX02,a1CLM5GoVtYJ
conf/vldb/AmielBDS94,hBak02oe1GMJ
conf/vldb/AnanthakrishnaCG02,FFKP2GRm2LEJ
conf/vldb/AnciauxBP03,gYELZxhiJx8J
conf/vldb/AnkerstBKS98,DbLGmJX7UJ8J
conf/vldb/AnSVKIG01,HosSI1GtRY8J
conf/vldb/AshwinGG02,YiJojduGXXkJ
conf/vldb/BalminPP00,FoAVdcYe0tsJ
conf/vldb/BamfordAP99,2y9m1qzVu4EJ
conf/vldb/BargaP95,3CDeAczlaSUJ
conf/vldb/BargaP95,clqEOLT55pUJ
conf/vldb/BargaP95,Rp6i1uA3RYQJ
conf/vldb/Baumann03,pJ2UEKVG_hoJ
conf/vldb/BenediktCFRZZ02,7xe6Gp9fIEEJ
conf/vldb/BerchtoldKK96,G__T5t9i4ZwJ
conf/vldb/BerchtoldKK96,KLzrIupmRloJ
conf/vldb/BerchtoldKK96,knyp-i1eDwwJ
conf/vldb/BerchtoldKK96,S-aEcHjpLBMJ
conf/vldb/BerchtoldKK96,WcxbHqh4FfkJ
conf/vldb/Bernstein94,TqLyg1wbo5UJ
conf/vldb/BertinoBFS96,s0v9B-K8owEJ
conf/vldb/Bhashyam96,url:http://portal.acm.org/ft_gateway.cfm%3Fid%3D245908%26type%3Dpdf%26dl%3DGUIDE%26dl%3DACM%26CFID%3D11111111%26CFTOKEN%3D2222222
conf/vldb/BliujuteJSS98,gybR2qK1ib8J
conf/vldb/BliujuteJSS98,oBpe7jg0YHYJ
conf/vldb/BohannonFHRRS02,zYfyg0fCzEsJ
conf/vldb/BohannonLRSSS97,GzK2N5eQ0pQJ
conf/vldb/BohannonLRSSS97,thTt2lg4_Z8J
conf/vldb/BohannonLRSSS97,Vj1kbPjzSHwJ
conf/vldb/BouguettayaEMO01,n-tA57d7ydcJ
conf/vldb/BratsbergH01,x-oQarjjgccJ
conf/vldb/BrownCC94,E-1nAx7gc-8J
conf/vldb/BrownS95,F-v-VG2RBQoJ
conf/vldb/Cabrera03,url:http://wwwdb.informatik.uni-rostock.de/vldb2003/papers/S31P01.pdf
conf/vldb/Campbell99,m1eeQnYWL0oJ
conf/vldb/CareyCNVDRSM99,JpMllVmmnkAJ
conf/vldb/CareyD96,g8jnRVyQukAJ
conf/vldb/CareyD96,lW_0wZmDIaIJ
conf/vldb/CarneyCCCLSSTZ02,4-igDwZdi-QJ
conf/vldb/CarneyCCCLSSTZ02,KUYFJk7kXGEJ
conf/vldb/CasatiS00,yGYyg3tCPEcJ
conf/vldb/ChaHKK01,VyOa5Uqsj6AJ
conf/vldb/ChakrabartiDAR97,QyBDbs7EpmsJ
conf/vldb/ChakrabartiDAR97,zuIhKVPjN_IJ
conf/vldb/ChakrabartiGRS00,2TVYDBNYioIJ
conf/vldb/ChakrabartiSD98,oBDL7axDwG4J
conf/vldb/ChandrasekaranF02,Yu4Tvuy_WiAJ
conf/vldb/ChaudhuriG99,yniboichufIJ
conf/vldb/ChaudhuriW00,OuM0E0BhEXIJ
conf/vldb/Chiueh94,PKK2ak_IzrgJ
conf/vldb/ChristodoulakisTZ97,D0z0BDnbnFcJ
conf/vldb/ChungCLL01,mJiDvbtTKWoJ
conf/vldb/CosleyLP02,22ZTae8fNuIJ
conf/vldb/DattaRT99,gckQTLQjsj8J
conf/vldb/DeWittKLPY94,xcwQARsnK4gJ
conf/vldb/DillKMRST01,eZoS-yciSRsJ
conf/vldb/EvangelidisLS95,hR9tpdTkYkcJ
conf/vldb/FerrandinaMZFM95,ume4RGX6sI4J
conf/vldb/FlodinR95,b5vbAhJ4xxMJ
conf/vldb/FlorescuHKLRWCSA03,1KSfxI44iGUJ
conf/vldb/GalhardasFSSS01,nlOAkKW_ry8J
conf/vldb/GalhardasFSSS01,OEpwAcnqlWwJ
conf/vldb/GalhardasFSSS01,RZZjZ_7yJb8J
conf/vldb/GalhardasFSSS01,Z8jYTylZtkEJ
conf/vldb/GarofalakisOS97,dW_pRNemQfsJ
conf/vldb/GarofalakisRS99,9aNUdPCEMmwJ
conf/vldb/GarofalakisRS99,poso7AKokFMJ
conf/vldb/GoldsteinR00,FncQ86sO2agJ
conf/vldb/GoodmanRS94,8CCHAKnGJ1EJ
conf/vldb/GottlobKP02,fnIXflrczOEJ
conf/vldb/GottlobKP02,Pk09A5EmsOoJ
conf/vldb/Graefe99,3m-KKBVF8KkJ
conf/vldb/GravanoG95,2nMktwioqOYJ
conf/vldb/GravanoG95,4HVB6aRvsk8J
conf/vldb/GravanoG95,DNh5uw1WWUEJ
conf/vldb/GravanoG95,zbJYyUhl2cIJ
conf/vldb/GrovlenHT98,xjVz8hIW-8sJ
conf/vldb/GuntzerBK00,id3rk1JgWx0J
conf/vldb/HaasKWY97,aDDbEmg7oYYJ
conf/vldb/HaasKWY97,fsoE2pQM6G8J
conf/vldb/HaasKWY97,ZQG-8D6v7BoJ
conf/vldb/HammelP02,SU2XS1MVb40J
conf/vldb/HellersteinNP95,AC19Z_yOCTUJ
conf/vldb/HellersteinNP95,V1M4safuoecJ
conf/vldb/HelmerWM98,5ipPVLRhDqoJ
conf/vldb/HeMYW03,cBe5X4EKjIEJ
conf/vldb/HjelsvoldM94,5Wuyp1aLBocJ
conf/vldb/HristidisP02,5k-GwvznWRUJ
conf/vldb/HulgeriS02,syoqNSarAscJ
conf/vldb/HulgeriS02,xGcM9AuhrBMJ
conf/vldb/HvasshovdTBH95,_83yTuPv-NAJ
conf/vldb/HvasshovdTBH95,LVitsyrkl9AJ
conf/vldb/HvasshovdTBH95,o2qGdf4L94MJ
conf/vldb/IwerksSS03,4B_LhCns0WoJ
conf/vldb/JagadishLRSS94,em_mB-ifc80J
conf/vldb/JagadishLRSS94,Yiwh22hbTAcJ
conf/vldb/JagadishNSSK97,ZG9yClLgWnsJ
conf/vldb/JagatheesanMPW03,InqySB8bkKkJ
conf/vldb/Jamil97,tLpAE7ZSkLsJ
conf/vldb/JiangSLB00,eZwzDZ7QhzoJ
conf/vldb/JohnsonM98,cTZLUZ5_cfkJ
conf/vldb/JohnsonM98,gm9Ist67nJQJ
conf/vldb/JohnsonM98,V4PVzPaBOBUJ
conf/vldb/KahveciS01,i6KmypFd39AJ
conf/vldb/KaushikBNS02,dL5oJVHK10kJ
conf/vldb/KeidlSSK02,dTval1yE6p8J
conf/vldb/KeidlSSK02,Wc1ViFeRa54J
conf/vldb/KiesslingK02,3VHepuiTGHUJ
conf/vldb/KiesslingK02,4XP24_IFvPsJ
conf/vldb/Klots96,dTORuW_9YRoJ
conf/vldb/KnorrN98,oCPpSbHhL3IJ
conf/vldb/Kornacker99,aOmma8tnFKIJ
conf/vldb/KornMS02,mClzTQppJE4J
conf/vldb/KornSFSP96,1zxdq0otm4gJ
conf/vldb/KornSFSP96,51VkEWUxxLIJ
conf/vldb/KornSFSP96,QjbxSG6_-WIJ
conf/vldb/Korth95,UZAQL1o-c0MJ
conf/vldb/KossmannRR02,iGlztgiSTe4J
conf/vldb/KumarKA97,hhHVHYnMd6kJ
conf/vldb/LabioG96,1JLlGYW8cDAJ
conf/vldb/LakshmananSS96,GDmbzrUbyzAJ
conf/vldb/LakshmananSS96,XPjpq3h5BhUJ
conf/vldb/LakshmananSS99,RSpmu6WtYBMJ
conf/vldb/LeeL99,szHsyFiOuwAJ
conf/vldb/LempelM02,DcSYGPdhxwoJ
conf/vldb/LernerS03,KtkbM7ohXrEJ
conf/vldb/LingLL00,lNvW4tc-B2EJ
conf/vldb/LingLL00,yKnPPSNrDb0J
conf/vldb/LiRS99,cGbo_ZtYKwYJ
conf/vldb/LuSL95,AvfsXnSTA24J
conf/vldb/LuSL95,h24eSPFv8MoJ
conf/vldb/Madnick95,CVQyvLe8w38J
conf/vldb/Madnick95,UHLfs0GGqAAJ
conf/vldb/MaratheS97,HcgXkUDB-wYJ
conf/vldb/McKennaBHT96,0tZaTV3W05wJ
conf/vldb/MeekPK03,BV6S1LOk4XwJ
conf/vldb/MeekPK03,cR1ikuFsE1wJ
conf/vldb/MendelzonV00,Ah3ENTVwMj4J
conf/vldb/MendelzonV00,AQLsLBctUI4J
conf/vldb/MignetMAC01,VaDXNMtPZ4oJ
conf/vldb/MignetMAC01,XirELrPeTd4J
conf/vldb/Mohan01,tAO-l_SkmSwJ
conf/vldb/Mohan02,eyxIItge9MQJ
conf/vldb/NetzCBF00,mRIRFxOC8A8J
conf/vldb/NgC97,eTDBrdfpGNEJ
conf/vldb/NgH94,AJ7Qj_bt0ZoJ
conf/vldb/NgH94,EBXh5GwbeNMJ
conf/vldb/NgH94,EsSRui40spgJ
conf/vldb/NgH94,JA55PRiwrMQJ
conf/vldb/NgH94,ltzWlNOJavwJ
conf/vldb/NgH94,WjnMy2NiG10J
conf/vldb/NgH94,WlNAuSKoGN4J
conf/vldb/NgH94,XfblD8N3jT8J
conf/vldb/Norvag99,6kiYvzSHBvEJ
conf/vldb/OzsoyogluAAOUO02,Pb3y_NGGwjwJ
conf/vldb/OzsuLON01,qqdXmdgAaMgJ
conf/vldb/Padmanabhan96,1IjlMvLBFC0J
conf/vldb/PereiraFJLS01,Cd6A4nsDnkQJ
conf/vldb/PereiraFJLS01,CZTJ00lolvYJ
conf/vldb/PirotteZMY94,8s-SP8sAvQAJ
conf/vldb/RaghavanG01,LcX8Pm2ABJsJ
conf/vldb/RaghavanG01,MytkkvQ5ieMJ
conf/vldb/RamakrishnanGRSWZ95,url:http://portal.acm.org/citation.cfm%3Fid%3D645921.756661
conf/vldb/Ramanan03,QCJEyGp-iZcJ
conf/vldb/RastogiS98,AyWUeJ5k2IoJ
conf/vldb/RysNS96,pwxPfVlOqQUJ
conf/vldb/Sarawagi99,gz92a8BdTLUJ
conf/vldb/Sarawagi99,W_CVz6V80csJ
conf/vldb/SavasereON95,c4m40zywvWsJ
conf/vldb/SavasereON95,rHLmfJRQUu0J
conf/vldb/SavasereON95,tX0hBHC5_UQJ
conf/vldb/SchindlerAG03,CsWyDorgQF4J
conf/vldb/SeshadriLR96,K62EwWeSRKUJ
conf/vldb/SeshadriLR96,-Pmsximl_moJ
conf/vldb/ShaferAM96,Jl3IrO4qDqMJ
conf/vldb/ShaferAM96,pRMh6pGr-XUJ
conf/vldb/ShahabiFKF00,ln1yHhG7gdgJ
conf/vldb/ShahDR03,HGJu1Uyq-OcJ
conf/vldb/ShanmugasundaramSBCLPR00,ZQyBjtpbhvIJ
conf/vldb/ShashaB02,6nTs7QjnfDcJ
conf/vldb/SistlaYH94,_jl3bN2QlE4J
conf/vldb/SistlaYH94,bDH4OmzDSLEJ
conf/vldb/SistlaYH94,QWD1EGMbTQYJ
conf/vldb/SistlaYLL95,HtTNmhCJY-oJ
conf/vldb/SrikantA95,bibMn8zFnksJ
conf/vldb/SrikantA95,DLymXxpy2qYJ
conf/vldb/SrikantA95,K1nbpKn1IbsJ
conf/vldb/SrikantA95,OUdGxoZdSxAJ
conf/vldb/StaudtJ96,6moFnThDHW0J
conf/vldb/SteenhagenABB94,aCZo57LF-4sJ
conf/vldb/SteenhagenABB94,IgWfWMn1_AAJ
conf/vldb/SteenhagenABB94,n5yJ4y54WbwJ
conf/vldb/SteenhagenABB94,Z3GUdeVh_4sJ
conf/vldb/SteinbrunnPMK95,EPtaqugcCyMJ
conf/vldb/SteinbrunnPMK95,k-IlQ6VnmKsJ
conf/vldb/StolteA02,N3Bry6sSMw8J
conf/vldb/Suciu96,GwvN1w9_ZZoJ
conf/vldb/TamuraK99,N0yBbMrpeUwJ
conf/vldb/TamuraK99,rAHGAfoqookJ
conf/vldb/TanEO01,1A06w64wjvcJ
conf/vldb/TanSHCR01,hPcNG0tPwgIJ
conf/vldb/TeisseirePC94,w17spSGfEXYJ
conf/vldb/TengCY03,wJjaZnzD6pAJ
conf/vldb/TianD03,l7glyH7ltuQJ
conf/vldb/Toivonen96,tZpeMfkDl8cJ
conf/vldb/Toivonen96,ut53pjEsmxEJ
conf/vldb/TsatalosSI94,--1aoAaGkgQJ
conf/vldb/VassalosP97,5DKaP73v7FQJ
conf/vldb/VassalosP97,9MlAuURfKhYJ
conf/vldb/VassalosP97,jmYHA7e95XAJ
conf/vldb/VassalosP97,kG-k9420fGMJ
conf/vldb/VelegrakisMP03,gP3ld61I__kJ
conf/vldb/VorugantiOU99,ItOlYY7ITt0J
conf/vldb/WangYM97,hcYKj7CHbWYJ
conf/vldb/WangYM97,o5dSRIunsUUJ
conf/vldb/WangYM97,OnLLKkgfyLUJ
conf/vldb/WangYM97,RiOvjzg_MJwJ
conf/vldb/WeikumMHZ02,W_b-Eo5VaOgJ
conf/vldb/YangG01,UZBoDXflaXoJ
conf/vldb/YangG01,xQYKEHCggZQJ
conf/vldb/YuPM03,sP3bZMqHmZsJ
conf/vldb/ZengBNN01,MA7NWFIgTaoJ
conf/vldb/ZouS98,_OimKPnidhsJ
journals/sigmod/Aberer02c,url:http://portal.acm.org/ft_gateway.cfm%3Fid%3D637424%26type%3Dpdf%26coll%3DGUIDE%26dl%3DACM%26CFID%3D11111111%26CFTOKEN%3D2222222
journals/sigmod/AndlerHEMBE96,3Isoplo_hi0J
journals/sigmod/AndlerHEMBE96,J82SdCmczAcJ
journals/sigmod/ArenasKKKMM03,rl50qPw8UaEJ
journals/sigmod/BernsteinBCDFGGHHJLMNPSU98,Syu5W-3uFFAJ
journals/sigmod/BernsteinDK99,MsK0xHsckUIJ
journals/sigmod/BernsteinDK99,ne7WhiSL9QYJ
journals/sigmod/BernsteinHP00,FFzJxlpy6TsJ
journals/sigmod/BernsteinHP00,oHXkI3GgweIJ
journals/sigmod/BernsteinHP00,url:http://portal.acm.org/ft_gateway.cfm%3Fid%3D369289%26type%3Dpdf%26dl%3DGUIDE%26dl%3DACM%26CFID%3D11111111%26CFTOKEN%3D2222222
journals/sigmod/BertinoEH01,url:http://portal.acm.org/ft_gateway.cfm%3Fid%3D373684%26type%3Dpdf%26dl%3DGUIDE%26dl%3DACM%26CFID%3D11111111%26CFTOKEN%3D2222222
journals/sigmod/BorgidaCS98,iPbD7vPHzgYJ
journals/sigmod/BoscMP01,url:http://portal.acm.org/ft_gateway.cfm%3Fid%3D373708%26type%3Dpdf%26dl%3DGUIDE%26dl%3DACM%26CFID%3D11111111%26CFTOKEN%3D2222222
journals/sigmod/BoucelmaCGJLL02,I9JXY0-R4GgJ
journals/sigmod/Bussler02,Phcd3C1cfLcJ
journals/sigmod/CabreraLM01,b201QeqnlNkJ
journals/sigmod/ChakravarthyAEFO03,url:http://portal.acm.org/citation.cfm%3Fid%3D641006
journals/sigmod/ChaudhuriD97,IdNPV86IxM0J
journals/sigmod/ChaudhuriD97,oXTd748VmwMJ
journals/sigmod/CheungF98,ujeEtXpQFIsJ
journals/sigmod/Danish98,mKZyoPZArGcJ
journals/sigmod/EisenbergM01,GKUflKzgAVEJ
journals/sigmod/EisenbergM01,lTNqBpBUA5sJ
journals/sigmod/Fankhauser01,_sltXCfRKhYJ
journals/sigmod/FrankGGJKLMNPSSSTW99,5PisY7JvbzQJ
journals/sigmod/FrankGGJKLMNPSSSTW99,93C5Prxx5YcJ
journals/sigmod/Gallagher94,PVm9r7wHzDAJ
journals/sigmod/GerlaX03,KKiefntReoUJ
journals/sigmod/GruenwaldBDGSSV99,_q3scPb8vbgJ
journals/sigmod/GruenwaldBDGSSV99,url:http://portal.acm.org/citation.cfm%3Fid%3D333607.333616%26dl%3DGUIDE%26dl%3DACM%26idx%3DJ689%26part%3Dperiodical%26WantType%3Dperiodical%26title%3DACM%2520SIGMOD%2520Record%26CFID%3D11111111%26CFTOKEN%3D2222222
journals/sigmod/Hampapur99,I-r1LE1najAJ
journals/sigmod/Hampapur99,xW--Ei3c_qwJ
journals/sigmod/Hellerstein03,5FSG85HbUygJ
journals/sigmod/JainH94,taphZimnV-gJ
journals/sigmod/KimballS95,E6Z68tQL1BsJ
journals/sigmod/KuanL99,lkrtCULVA6oJ
journals/sigmod/LabrinidisR00,TppC2jA5UXMJ
journals/sigmod/LeeC00,Knzz_bkGA00J
journals/sigmod/LuoI02,url:http://portal.acm.org/citation.cfm%3Fid%3D601858.601879%26dl%3DGUIDE%26dl%3DACM%26idx%3DJ689%26part%3Dperiodical%26WantType%3Dperiodical%26title%3DACM%2520SIGMOD%2520Record%26CFID%3D11111111%26CFTOKEN%3D2222222
journals/sigmod/McClatcheyV97,mbFxAqrWXbYJ
journals/sigmod/MeltonE02,6uelfg3RgEoJ
journals/sigmod/MusickM98,gt83e4uB09wJ
journals/sigmod/ONeilG95,51gKshu0CWcJ
journals/sigmod/ONeilG95,RlH2shMtkfwJ
journals/sigmod/ONeilG95,YNkY3rC_4zQJ
journals/sigmod/Ouksel02,url:http://portal.acm.org/citation.cfm%3Fid%3D565117.565131%26dl%3DGUIDE%26dl%3DACM%26idx%3DJ689%26part%3Dperiodical%26WantType%3Dperiodical%26title%3DACM%2520SIGMOD%2520Record%26CFID%3D11111111%26CFTOKEN%3D2222222
journals/sigmod/OukselS99,YeVWiZOxB9IJ
journals/sigmod/PaepckeGRC00,hxFRuvCtvGEJ
journals/sigmod/PapianiWDN99,aU7XlTpoxRgJ
journals/sigmod/PourabbasR00,3y6y5AXu-j0J
journals/sigmod/RoddickABDEGHLMMMW00,eA8gNVxHRJ4J
journals/sigmod/RosenthalS99,ZYnsLI6mz2cJ
journals/sigmod/RosenthalSMBTL95,-_FyboGgZkkJ
journals/sigmod/Rosneblatt94,D1RdxKP6_6YJ
journals/sigmod/SchmidtWKFCMB01,mkfP-JNsNZoJ
journals/sigmod/SchmidtWKFCMB01,url:http://portal.acm.org/ft_gateway.cfm%3Fid%3D603872%26type%3Dpdf%26dl%3DGUIDE%26dl%3DACM%26CFID%3D11111111%26CFTOKEN%3D2222222
journals/sigmod/ShethGJRSWW96,HOvgrl8NmmoJ
journals/sigmod/ShethMKA01,url:http://portal.acm.org/ft_gateway.cfm%3Fid%3D604286%26type%3Dpdf%26dl%3DGUIDE%26dl%3DACM%26CFID%3D11111111%26CFTOKEN%3D2222222
journals/sigmod/SpynsMJ02,QWfa2xEybLcJ
journals/sigmod/TheodoridisN00,DXTczW8Dv4MJ
journals/sigmod/TheodoridisN00,NegSmYlF-awJ
journals/sigmod/TsotrasJS98,FBZw8n-gojUJ
journals/sigmod/VetterliVS00,h7RBOvmQHhEJ
journals/sigmod/Wedekind94,gqehj3-ukjIJ
journals/sigmod/YanG95,tMXkkRDxvkQJ
journals/sigmod/YuenCLL00,Ip82P4QfKyEJ
journals/tods/AikenHW95,cHpmOFVpTi8J
journals/tods/AikenHW95,XLld3hq3vt0J
journals/tods/CasatiCPP99,6F_cUJERo6sJ
journals/tods/CasatiCPP99,b6-zHfA02TgJ
journals/tods/CasatiCPP99,bWa_AKkBbn8J
journals/tods/ChakrabartiKMP02,QTzuiNlMnR4J
journals/tods/CliffordC94,9txS2mlA2DMJ
journals/tods/DattaVCK99,3BbftjVsIEIJ
journals/tods/DattaVCK99,L_EKDuVUoIEJ
journals/tods/DattaVCK99,VaO8O5WO0IcJ
journals/tods/DekhtyarRS01,Bho8kTicu-8J
journals/tods/DekhtyarRS01,jZShiF9wrikJ
journals/tods/DeyS96,l2y2U5f48WcJ
journals/tods/DyresonS98,dvlv3BMgYrIJ
journals/tods/FranklinCL97,vqboZ3T4n4AJ
journals/tods/FranklinCL97,-iaSLKFHwUkJ
journals/tods/GoldmanL94,VxMarpzwtzQJ
journals/tods/GuoSW96,V8Ls_TYs6mgJ
journals/tods/KrishnakumarB94,8ZjEDOBUd_QJ
journals/tods/Lerner00,YFKv4PEG_5EJ
journals/tods/LeveneL99,iwPgaJ1eQrkJ
journals/tods/LiC01,_gwfttQaTEkJ
journals/tods/LiuHD98,ts7DF925TR8J
journals/tods/ScioreSR94,fW9j2V5gnUMJ
journals/tods/SrivastavaSRN95,url:http://www.csa.com/partners/viewrecord.php%3Frequester%3Dgs%26collection%3DTRD%26recid%3D0219026CI
journals/tods/TaoP03,faqaX7J_Kl8J
journals/tods/Wijsen99,_D3JPE9NgNgJ
journals/tods/YanG94,fx6kDLBa8q8J
journals/tods/YanG94,X7w4rQXqf70J
journals/tods/YanG94,Xh9AnV9p-REJ
journals/vldb/Antoshenkov97,gleX-n_dgkcJ
journals/vldb/Barbara-MillaG94,Hc9uWxJu840J
journals/vldb/Barbara-MillaG94,md3DWyujCrQJ
journals/vldb/BerchtoldKK97,VHo2go6vjYsJ
journals/vldb/BerendtS00,zh9CAewEvisJ
journals/vldb/CandanLS00,nXvDy_QqSd4J
journals/vldb/ChakrabartiDAR98,0EbuWDceVnoJ
journals/vldb/ChakrabartiGRS01,2TVYDBNYioIJ
journals/vldb/ConstantopoulosJMV95,_da6PvkQBM4J
journals/vldb/CuiW03,SaOd6rDz5ZgJ
journals/vldb/DesslochHMMT98,4D2HQE6fXXEJ
journals/vldb/GeorgeH00,2L-UFpDof3UJ
journals/vldb/GutingS95,A4lUwOD7AeYJ
journals/vldb/GutingS95,rjQa8odFpMwJ
journals/vldb/HarderST99,KGyKFmRfspAJ
journals/vldb/JagadishKNS00,GtXc02EJjCgJ
journals/vldb/JagadishKNS00,W8O7pgTYGTYJ
journals/vldb/KabraD99,pWEfI0xFFcoJ
journals/vldb/KnorrNT00,SggrbO99AJgJ
journals/vldb/LawLG99,TOXrbhbbNJ4J
journals/vldb/MuthOPW00,WFygKYK0NVQJ
journals/vldb/NybergBCGL95,RhKSGU-DhQUJ
journals/vldb/OoiTCH98,xv1webZ985MJ
journals/vldb/OzsuPSILM95,2Y6WYH71fO0J
journals/vldb/OzsuPSILM95,E02lExYdRYwJ
journals/vldb/OzsuPSILM95,epUf9ogilogJ
journals/vldb/OzsuPSILM95,g7SusKnyItEJ
journals/vldb/PapazogluK97,kFQl7LX8OQkJ
journals/vldb/PucheralBVB01,hNOti13KB_8J
journals/vldb/PucheralBVB01,K9Qbh3haBCMJ
journals/vldb/RahmB01,b9ikqvr7Bb4J
journals/vldb/RahmB01,GJtc6TCE-hIJ
journals/vldb/RahmB01,TBoS0CBe1vQJ
journals/vldb/ShegalovGW01,_6ErNQyZwXsJ
journals/vldb/SinghalS97,3fO2448hZgwJ
journals/vldb/StonebrakerALPSSSY96,FnypYUw9pwEJ
journals/vldb/TsatalosSI96,--1aoAaGkgQJ
journals/vldb/VerykiosME03,khdP4spNnPoJ
journals/vldb/ZezulaSAR98,DM9hrpKpqmMJ
