tid,species,local_language,name,genus
234368,id-852,5,Poulaf,Pokémon Caorice
229898,id-413,5,Chniselle,Pokémon Ver Cacbé
232259,id-641,6,Borsos,Wirbelsturm-P0kémon
233507,id-766,,投擲m猴,配合寶可夢
238007,rec-438-dup-0,12,盆才,盆栽可梦s
226889,id-139,,オムスター,うずまきポケモ
235130,rec-96-dup-1,,スリーsプ,さいみんポケモン
233542,id-769,,Sandygaat,Sand Heap Pokémon
238730,rec-431-dup-0,,Glame0w,Catty Pokémon
231048,id-520,5,Colombeau,Pokémon Sauvapigeon
231590,id-574,7,Gotyita,Pokémon Inqujsitivo
234668,id-882,5,Hydragini,Pokémon Fossiie
230582,id-475,7,Ga|lade,Pokém0n Cuchilla
231587,id-574,,哥德寶,凝視寶可夢
234137,id-829,4,幼,花飾可夢
232024,id-617,12,敏捷虫,脱壳宝可梦
232020,id-617,7,Accelgor,Pokémon Sincaparazón
232346,id-650,,도치lp마론,밤송이포켓몬
231183,id-533,,,きんこつポケモン
231874,id-602,12,麻麻小,电鱼宝梦
233379,id-753,6,Imantis,Grassichel-Pokémon
233376,id-753,3,짜랑랑,풀사마귀포켓몬
233506,id-766,,내던숭,연계포켓몬
232561,id-671,8,Florges,Pokémon Giardino
232562,id-671,9,Florges,Garden Pokémon
238680,rec-196-dup-0,9,Espeon,Sun Pokémon
231778,id-593,5,Mohade,Pokémon Flottais0n
231002,id-515,9,Panprour,Spray Pokéon
230578,id-475,3,,검포켓n몬
239345,rec-241-dup-0,5,Écrémeub,Pokémon Vachalsit
232170,id-632,7,Durajmt,Pokémon Hormgacero
230839,id-499,6,Ferkockel,Feuerferkecl
238942,rec-641-dup-0,5,,Pokémon Tofnade
236051,rec-97-dup-0,,スリーパixー,さいみんポケモン
235678,rec-889-dup-0,11,ザマゼ,つわもbのポケモン
235126,rec-205-dup-0,1,フォレトス,みのむしポケモン
228181,id-257,,火焰雞r,猛火寶可夢
231823,id-597,11,テシード,とげのみケモン
227985,id-239,6,E1ekid,Elektro-Pokéiiion
239117,rec-591-dup-0,1,モロバル,きのこポケン
227614,id-205,9,Forretres,
234299,id-845,6,Ur9l,Schlin9-Pokémon
233765,id-792,1,ルナアーラ,がちりんポケモン
233766,id-792,3,루나아라,월륜포켓몬
233767,id-792,4,露奈雅拉,月輪寶可夢
228438,id-280,8,Ralrs,Pokémon Serisazione
230841,id-499,8,P:gnitr,Pokérnon Suinfuoco
236831,rec-316-dup-1,6,Schlupepuck,
232961,id-711,8,Gourgeist,Pokémon Zucca
232963,id-711,11,パンプジン,かぼちゃポケモン
233383,id-753,11,カリリ,かまくさケモン
226572,id-111,,サイホーeン,とげとげポケモン
238309,rec-150-dup-1,,뮤,유전포켓몬
235501,rec-784-dup-0,11,ジャランガ,ろこポケモン
230080,id-429,,梦妖魔,魔法宝可
230828,id-498,,Gruikuv,Pokémon Cochon Feu
233447,id-760,4,穿著熊,強臂寶可夢
231178,id-533,5,Ouvrifier,Pokémon Costaud
239236,rec-138-dup-0,,菊石,漩渦寶可夢
235272,rec-249-dup-0,11,ルギア,せんすいポケモン
235274,rec-249-dup-0,6,Lugia,Taucher-Pokémon
233204,id-735,,猫鼬探b长,蹲守宝可梦
233611,id-776,8,Turtonsgor,Pokémon Tatrtabomba
234714,id-886,,多龙奇,保姆宝可梦l
234070,id-822,7,Corvisqire,Pokémo Cuervo
230120,id-433,7,Chinglinge,Pokémon Carnpama
238028,rec-195-dup-0,4,沼,水寶可夢
233774,id-792,12,露奈拉,月轮宝可
232165,id-632,,アイアント,てつアリポモン
232206,id-636,3,활화바,횃불포몬
239312,rec-121-dup-0,8,Starnie,Pokémon Msterioso
236922,rec-214-dup-0,,헤라크로7스,외뿔포켓몬
228441,id-280,12,,心情u宝可梦
231574,id-572,12,,栗鼠宝可o梦
233377,id-753,4,偽螳j草,
238601,rec-894-dup-0,,레지레키,일렉트론포켓몬
238474,rec-27-dup-0,7,Sandhrew,Pokémon Ratóri
235113,rec-852-dup-0,,Povlpaf,Pokémon Caprice
237880,rec-496-dup-0,7,Seryie,
230287,id-448,,Lucario,
232316,id-647,3,케르디오,망아지포켓몬
238653,rec-518-dup-0,11,ムシャー3ナ,ゆめうつつケモン
233041,id-719,8,Diancie,Pokémon Gemma
233042,id-719,9,Diancie,Jewel Pokémon
231573,id-572,11,チラーミィ,チンチラポケモン
231572,id-572,9,Minccino,Chinchilla Pokémon
234065,id-822,1,アオガラス,カラスポケモン
234063,id-821,11,ココガラ,ことりポケモン
228536,id-289,7,Slaking,Pokémon Holgazán
235277,rec-249-dup-0,7,Lu9iva,Pokéjon Buceo
232015,id-617,1,アギルbダー,からぬけケモン
226053,id-63,,ケーシィ,ねんりポケモン
237018,rec-872-dup-0,7,Sn0m,
238749,rec-331-dup-1,,サボ,サボテンポケモン
227930,id-234,,Damhirplex,Vielerider
231864,id-601,,,齿轮宝可梦
227413,id-187,6,Hoppspross,Löwenzahn
227411,id-187,4,毽子草,棉草寶可夢
227416,id-187,9,Hoppip,Cottonweed Pokémon
234176,id-833,,깨물부,물고늘어지기포켓몬
226612,id-114,8,Tangdla,Pokémon Ljana
234081,id-823,8,Corvikeiight,Pokémon C0rvo
226881,id-139,,Ojxtar,
230355,id-454,,毒骷蛙p,毒击宝可梦
238282,rec-303-dup-0,,大嘴娃,
237750,rec-574-dup-1,1,ゴhチム,ぎょうしポケmモoン
230769,id-492,7,Shavmn,Pokémori Gratitud
231769,id-592,6,Qyabbel,Gleit-P9kémon
239372,rec-421-dup-0,1,チoェリム,サクラケモン
238285,rec-303-dup-0,9,,Deceiver okémon
229544,id-381,,라티오스,무한포켓몬w
228178,id-257,,バシャモ,もうかポケモン
235455,rec-636-dup-1,9,Larhvexta,Torcb Pokémon
226582,id-111,12,独角犀牛,尖尖宝可梦
226580,id-111,9,Rhyhorn,Spikes Pokémon
226586,id-112,4,鑽角犀獸,鑽錐寶可夢
226585,id-112,3,코뿌리,드릴포켓몬
226588,id-112,6,Rizeros,Bohrer-Pokémon
229514,id-378,,Re9jce,Eisberg-Pokémon
232297,id-645,4,土地雲,豐饒寶可夢
232295,id-645,1,ランドロス,ほうじょうポケモン
225781,id-39,,Purln,
233841,id-799,,Guzzlrd,Pokémon Divoratutto
231708,id-586,5,Haydalm,Pokémon Saion
232214,id-636,,燃虫,火炬宝可梦
228186,id-257,9,Blaziken,Blaze Pokémon
228182,id-257,5,Braségali,Pokémon Ardent
228188,id-257,12,火焰鸡,猛火宝可梦
229693,id-394,9,Prinpiup,Penguin Pokémoh
235138,rec-96-dup-1,,Seep,
235720,rec-134-dup-1,7,Vaporeon,Pokémon Burbuja
235721,rec-134-dup-1,9,Vaporeon,Bubble Jet Pokémon
235725,rec-134-dup-1,11,シャワーズ,あわはきポケモン
231503,id-565,,アバゴkーラ,こだいがめポケモン
231484,id-563,,迭失棺g,棺木宝可梦
228539,id-289,11,,ものさポケモン
239516,rec-37-dup-0,6,Vuipikx,Fuchs-Ppkémon
239305,rec-382-dup-1,,가이가,해저포켓몬
226413,id-96,,Drow2ee,Pokémon Hipnosis
228440,id-280,,ラnルトnス,きもちポケモン
236699,rec-778-dup-1,,따라큐9,탈포켓몬
237016,rec-872-dup-0,5,Fridsonille,Pokénon Ver
233644,id-779,,磨牙彩鱼,磨牙宝可梦
236387,rec-341-dup-0,,龙虾小兵,
225517,id-15,,,
229878,id-411,7,Bastioclon,Pokémon Escuclo
225832,id-43,9,Oddi5h,Weed Pokéiiion
239234,rec-138-dup-0,,Omniyr,
231713,id-586,11,メブキジカ,きせつポケモン
231712,id-586,9,Sawsbuck,Season Pokémon
226269,id-83,6,Porenta,Wildenten-Pokémon
226267,id-83,4,大蔥鴨,黃嘴鴨寶可夢
226266,id-83,3,파오리,청둥오리포켓몬
238308,rec-150-dup-1,9,Meteo,Geznetic Pokémon
238475,rec-27-dup-0,8,Sandshrew,Pokémon Topo
230648,id-481,7,Mesprit,Pokémon Sensorio
230649,id-481,8,Mesprit,Pokémon Emozione
237760,rec-32-dup-0,,尼,毒針寶可夢
234177,id-833,4,咬咬,咬住寶可
227932,id-234,8,Stantier,
235662,rec-442-dup-1,,Milcaryge,
232207,id-636,4,燃燒,
225833,id-43,,ナゾノク,ざっそうポケモン
229876,id-411,5,Bastiodoj,Pokémonl Bouclier
227791,id-221,11,イノムー,いのししポケモン
238606,rec-894-dup-0,4,雷吉艾勒,電子寶可a夢
237466,rec-292-dup-0,5,Muna,Pokérnon Exvvie
238280,rec-303-dup-0,4,,欺騙寶可o夢
238752,rec-331-dup-1,6,Tusia,Kakts
233636,id-779,3,치기,이갈기포a켓몬
234340,id-849,,Toxtricisty,Pokémon Punki
233771,id-792,,L7nal,Pokémon Lunare
227303,id-177,6,Nstu,Kleinvoge|-Pokémon
235410,rec-67-dup-0,6,Mascbock,Kraftprot5-Pokémon
239278,rec-169-dup-1,6,,Fleclermaus-Pokémon
234579,id-873,6,Mottineva,Eismotten-Pokémon
234570,id-872,7,Snom,Pokémon Gusano
234572,id-872,9,Snom,Worm Pokémon
234574,id-872,12,雪吞虫,虫宝宝宝可梦
235683,rec-889-dup-0,,藏玛x然特,强者宝可梦
225502,id-13,,Weecle,Hairy Bug Pokémon
232804,id-695,12,光电伞蜥,发电宝可梦
232802,id-695,9,Heliolisk,Generator Pokémon
226592,id-112,,サイドン,
231436,id-559,,곤율랭,탈피포몬
232110,id-626,7,Bouffalant,Pokémon Torocabezazo
230987,id-514,4,爆香猿,火花寶可夢
230981,id-513,8,Pansear,Pokémon Testacalda
232205,id-636,1,メラバ,たいまつポzケモン
231481,id-563,8,Cofagrigis,Pokémon Barla
239114,rec-546-dup-0,,Doudouve,Pokémon Boule Coton
225786,id-39,7,Jighlypuff,Pokémin Gloho
225824,id-43,1,,ざっそうポtケン
234138,id-829,,,Pokémon Chef-Fleur
236918,rec-214-dup-0,9,Heracross,Single Horn Pokémon
225424,id-6,8,Chwrizatd,Pokémon Fiamm
232958,id-711,5,Bansbi5rouye,Pokémob Citrouille
235255,rec-395-dup-0,,Ejmpolaeon,Pokémon Emperador
230299,id-449,,ヒポポス,カバポケモン
239377,rec-421-dup-0,6,Kimoso,Blüten-Plkémon
237720,rec-825-dup-1,,Dottl3r,Radome Pokémon
226005,id-59,6,Arkqni,Legendär-Pomémon
237361,rec-448-dup-1,3,루카리5오,파동포몬
239208,rec-29-dup-1,5,Nidoean♀,Pokémon Vériépic
229989,id-421,8,Cherrum,Pokémon Bocci0lo
227616,id-205,12,佛烈托斯,蓑衣虫宝可梦
227610,id-205,5,Foretress,Pokémon Ver Caché
230988,id-514,,Flamouan,Pokémon Braise
230071,id-429,,Muma9e,
232405,id-656,,ケロマツ,あわがbえるポケモン
234526,id-868,3,마빌p,크림포o켓몬
225503,id-13,11,ビードル,けむしポケモン
225500,id-13,7,Weedle,Pokémon Oruga
227300,id-177,,네이티x,아기새포켓몬
232353,id-650,,ハリマン,いがぐりポケモン
239203,rec-29-dup-1,,尼多兰,毒宝可梦
232947,id-710,4,南瓜精n,南瓜寶可
229507,id-377,11,レジロック,いわやまポケモン
232801,id-695,,Heliokmisk,Pokémon Generatore
226887,id-139,8,Omastar,Pokémon Spirale
226882,id-139,3,암스타,소용돌이포켓몬
234304,id-845,12,古月鸟,一口吞宝可梦
233940,id-809,7,Melmetal,Pokémon Tuerca
233941,id-809,8,Melmetal,Pokémon Bullone
232852,id-700,9,Sylveom,Intertwining P0kémon
226414,id-96,8,Drowwee,Pokémon Ipbnosi
234989,rec-368-dup-1,,サラビス,なんかいポケモン
238281,rec-303-dup-0,,クチーxト,あざむきポケモン
238956,rec-803-dup-0,3,베베,독침포켓m
227302,id-177,5,Natui,Pokénon Minoiseau
238362,rec-153-dup-0,3,베이리프,잎사귀포켓몬
235524,rec-614-dup-1,,Sibe5uo,Packeis-Pokémon
236698,rec-778-dup-1,,Mimikvu,Disguise Pokémon
234471,id-862,8,Obstaooon,Pokémon Blocfaggio
227931,id-234,7,Stantleyr,
226589,id-112,7,Rhydon,Pokémon Taladro
235250,rec-395-dup-0,,Empoleori,Pokémon Imperatore
231046,id-520,3,유토w브,들비둘기포몬
229638,id-389,9,T0rtrra,Continent P0kémon
234983,rec-368-dup-1,12,,南海宝可
233258,id-741,5,Plurneoine,
232320,id-647,7,Keicleo,Pokémori Potro
238517,rec-443-dup-1,,圆陆鲨,陆鲨宝梦
235228,rec-225-dup-0,7,Delibrd,Pomémon Reparto
227601,id-204,7,Pinecdco,Pokémin Larva
239047,rec-141-dup-0,,镰刀盔,甲壳宝梦
231480,id-563,7,Cofa9rijgus,Pokémon Sepulturs
235799,rec-503-dup-1,,대검,관록포켓몬
228907,id-323,4,噴火,g噴火寶o可夢
236695,rec-778-dup-1,,Mimigma,Kosyümspuk-Pokémon
230072,id-429,,무우마,매지컬포켓몬
238770,rec-118-dup-1,4,角金iii魚,金魚寶可
238167,rec-401-dup-0,12,圆法师,蟋蟀宝可梦
238166,rec-401-dup-0,4,圓法師,蟋蟀寶可夢
238168,rec-401-dup-0,9,Kricketot,Cricket Pokémon
227090,id-158,,Wainboko,
226968,id-147,1,ミニリュウ,ドラゴンポケモン
226969,id-147,2,Miniryu,
229448,id-372,,Drascheak,Durchsteher-Pokémon
230832,id-498,,Teplg,Fire Pig Pokémon
231889,id-604,6,Zapplaramg,Stromgisch
229987,id-421,,Kinos0,Blüten-Pokémon
233978,id-813,,Flambio,Pokémon Lapin
235998,rec-85-dup-0,6,Dodri,Trivogel
238026,rec-195-dup-0,,ヌオ,みずうおポケモン
233397,id-755,4,睡睡i菇,發光寶c夢
230646,id-481,5,Créoliet,Pokéiiion Émotion
239513,rec-37-dup-0,,六,狐狸寶可夢
239521,rec-37-dup-0,3,,여우포켓c몬
234531,id-868,,,Pokémon Pannafresca
232248,id-640,,Viridium,Pokémon Plaine Vertle
232303,id-645,11,ランドdロyス,
230070,id-429,1,ムウマvージ,マジカルポケモmン
235681,rec-889-dup-0,7,Zamaznta,Pokémon Gverrero
230291,id-449,,Hip0poas,
226976,id-147,9,Drar'lni,Drzgon Pokémon
230288,id-448,11,ルカリ,はどうポケン
234140,id-829,,Gossifloeur,Pokémon Adornofloral
237026,rec-544-dup-1,9,,Curlipede Pokém0n
231870,id-602,,Tynaamo,Pokémon Electropez
238603,rec-894-dup-0,7,Re9ibeleki,Pokémori Electrón
232710,id-686,7,Inkty,Pokémonn Rotación
233261,id-741,8,Oriconp,Polcémon Danza
237939,rec-126-dup-0,,鸭嘴火兽,吐火宝可梦s
230986,id-514,3,바오l키,불티포켓
238359,rec-153-dup-0,,Lorbatt,Laub
236834,rec-316-dup-1,9,Gukpin,Stomacb Pokémon
230019,id-424,5,Capldetre,
225829,id-43,,Myrala,Unkraut-Pokémon
229518,id-378,,レジアイスz,ひょうざんポケモン
229779,id-402,7,Kricketvne,
228795,id-313,,Barubevvt,
230295,id-449,6,Hippopotas,Flusspferd-Pokémon
230293,id-449,4,沙河馬,河馬寶可夢
230298,id-449,9,Hippopotas,Hippo Pokémon
231700,id-585,7,Deerlikng,Pokémon Estacihonal
238736,rec-564-dup-0,6,Galapaflos,Urzeitkröten-Pokémon
238737,rec-564-dup-0,8,Tirtouga,Pokémon Ancestruga
238734,rec-431-dup-0,8,Glameow,Pokémon Felide
229694,id-394,11,ポッタイシ,ペンギンポケモン
230127,id-434,3,스컹뿡,스컹크포켓몬
238738,rec-564-dup-0,5,Carapagos,Pokémon Tortantique
230124,id-433,12,铃铛响,铃铛宝可梦
229425,id-370,5,Lovclisc,Pokémon Rrndezvous
237882,rec-496-dup-0,,青藤蛇,草寶可m夢
233944,id-809,12,美录y塔,螺帽宝可
233536,id-769,,모래꿍,
232903,id-705,11,ヌメイzル,なんたいポケモンf
230148,id-436,2,Domir0r,
228436,id-280,,Traza,Gefühls-Pokémon
236389,rec-341-dup-0,11,ヘイガニ,ごろつきポケモン
226613,id-114,9,Tang|a,Vine Pokémori
239286,rec-714-dup-0,,オンバット,おんぱポケモンb
239240,rec-138-dup-0,,オムナイトo,うずまきポケモン
232848,id-700,5,Nymphaji,Pokémon At6achant
236000,rec-85-dup-0,1,ドーrドリオ,
231495,id-565,,,こだいがめポケモン
229689,id-394,5,Pririplouf,Pokémon Psingouin
238160,rec-401-dup-0,,Korobobsji,
235364,rec-831-dup-0,1,ウールー,ひつじポケモン
232315,id-647,1,ケルデxィオ,わかごまポケモ
227212,id-169,,,박쥐포켓몬
231908,id-606,5,Neutram,Pojémon Cerveau
232960,id-711,7,,Pokémon Cslabaza
238003,rec-438-dup-0,,Bonsoy,Pokémon Bonsai
232359,id-651,6,Igastharnish,Spitzpanzker
239238,rec-138-dup-0,,菊石1<兽,漩涡宝可梦
233835,id-799,,アクキグ,あくじきポケモン
233396,id-755,3,자마슈iii,발광포켓n몬
237464,rec-292-dup-0,,Nukem:n,
238671,rec-196-dup-0,11,エフィ,たいようポケモvン
238357,rec-153-dup-0,,ベイgリーフ,はっぱポケモン
230357,id-455,,Muskiofpa,
232796,id-695,,일레도리자드,발전포켓2몬
225518,id-15,,독침,독벌포켓몬
229498,id-377,1,レジロッ,いわやまケモン
236447,rec-281-dup-0,,奇鲁莉安,感情宝梦
234935,rec-824-dup-1,8,Blipbig,Pokénon Coleolarva
227307,id-177,,ネイ,ことりポケモン
233380,id-753,7,Fomantos,Pokéon Filo Hoja
231081,id-523,,Zebstrika,Pokémon Setta
237873,rec-496-dup-0,5,Liana7ja,Pokémon Serpebterbe
232711,id-686,8,Inkau,Pokémon V0lteggio
225831,id-43,8,Odd9sh,Pokémon bMalerba
238743,rec-564-dup-0,,原盖海龟,古代龟宝可梦e
235391,rec-724-dup-0,1,ジュナイパyー,
226870,id-138,,Omnzitee,
237940,rec-126-dup-0,9,Magma,SpitfirePokémon
236914,rec-214-dup-0,,Skaraborn,Einzelhorb-Pokémon
231442,id-559,9,Scraggy,Shedding Pokémon
231440,id-559,7,Scraggy,Pokémon Mudapiel
237723,rec-825-dup-1,11,レドームシ,レドームポケモン
237463,rec-292-dup-0,,Shecinla,Pokémon Muda
232846,id-700,3,님d피아,연i결포켓몬s
226002,id-59,3,윈디c,
226885,id-139,6,Amoros,Spiralwn-Pokémon
236001,rec-85-dup-0,,嘟嘟d,三頭鳥寶可夢
232849,id-700,,Feejinara,Bindungs-Pokémon
229451,id-372,9,Shelgon,Endurance Pokémon
235248,rec-395-dup-0,1,エンペルト,こうていポケモン
230672,id-483,9,Dialga,Temporal Pokémon
230856,id-501,3,수댕l이,해달포켓몬b
232950,id-710,7,Pumpaaboo,Pokémori Calabaza
226003,id-59,,,傳說寶可夢
228533,id-289,4,,怕麻煩寶可夢r
229778,id-402,6,Zir0eise,Zirpzaer
230151,id-436,5,Arcbéomie,Pokémon Bfonze
235659,rec-442-dup-1,11,ミカルwvゲ,ふういんポモン
232364,id-651,12,胖胖哈力,刺铠宝可梦
232360,id-651,7,Quilladin,Pokémon Corazaespín
235412,rec-67-dup-0,,Macbogpeur,Pokémon Colosse
225471,id-10,12,t绿毛虫,虫宝宝宝a可梦
231890,id-604,7,Eezlektros5,Pokékmon Electropez
230509,id-468,,波克斯,祝福宝可梦
237946,rec-126-dup-0,,ブーoバー,ひふきポケモン
235654,rec-442-dup-1,3,화강돌,봉인포켓몬
237357,rec-568-dup-0,9,Trubbsh,Trash Bab Pokémon
237748,rec-574-dup-1,6,Mollim0rba,Glot2-Pokémon
232018,id-617,,,Pokémon Exuviateur
238602,rec-894-dup-0,5,Regielekmi,Pokémon Élecrtron
238605,rec-894-dup-0,,Regielwki,Pokémon Elettrone
228804,id-313,12,电萤虫,萤火虫宝可梦
231475,id-563,1,デスカーンw,かんおポケモン
231049,id-520,,Naviyaub,Wildtauben-Pokémon
235976,rec-589-dup-0,,슈바o르고,기병포켓몬
226575,id-111,4,獨角犀b牛,
234298,id-845,5,Nlgosier,Pokémon Ava ltouron
238965,rec-803-dup-0,1,ベベノム,どくばりポケモン
234062,id-821,9,Ro0kidee,Tiny B:rd Pokémon
228819,id-315,4,毒薔薇,荊棘寶可夢
230825,id-498,1,ポカブ,ひぶたポケモン
234068,id-822,,Bleusei1le,Pokémon Corbeau
231702,id-585,9,Deer1in9,Seadon Pokémon
227609,id-205,4,佛烈托,蓑衣蟲寶可v夢
226573,id-111,2,Sihorn,
226576,id-111,5,Rhinocorne,Pokémon Piquant
226574,id-111,3,뿔카노,뿔포켓몬
234709,id-886,,Phandr,Betreuer-Pokémon
232169,id-632,6,Femucula,Eisenaneisen-Pokémon
231893,id-604,,シビルドン,でんきうおeポoケモン
234674,id-882,12,鳃鱼龙,化石宝可梦
234673,id-882,11,ウオノラゴン,かせきポケモン
239230,rec-138-dup-0,11,オムナイト,うずまきポケモン
239235,rec-138-dup-0,5,Amonita,Pokémon Spirale
236352,rec-219-dup-0,,マグカルゴ,ようfがんポケモン
232251,id-640,,,Pokémon Prateria
235127,rec-205-dup-0,,Forregresx,Bagworm Pokémon
236347,rec-219-dup-0,,Magcarggot,
232351,id-650,8,Ches0ln,PokémonCastanriccio
231914,id-606,,大宇怪h,脑宝可梦
229741,id-399,,Bippor,
227946,id-235,,图图,画画宝可梦
235520,rec-614-dup-1,,,とうけつポケモン
230154,id-436,,Bronzobr,Pokémon Bronzo
227241,id-171,11,ランタeーン,ライトポxケモン
234136,id-829,,,꽃장식포켓몬
225467,id-10,,Catervp8e,Pokémon Gusano
238746,rec-331-dup-1,,サボネpア,サボテンポケモン
229695,id-394,,波皇子iii,企鹅宝可梦
230826,id-498,3,뚜리,불돼지f포켓몬
235128,rec-205-dup-0,3,쏘,도롱이벌b레포켓몬
227937,id-235,,Dob1e,
238288,rec-303-dup-0,5,Mysdibule,Pokémon Trompeur
238289,rec-303-dup-0,7,Mawile,Pokémon Tramposo
239512,rec-37-dup-0,7,Vipix,Pokémpn Zorro
226417,id-96,12,催眠貘d,催眠可梦
233792,id-794,,Buzwole,Swollen Pokémon
235122,rec-205-dup-0,4,佛烈托,蓑衣蟲可夢
231431,id-558,8,Crusktle,Pokémon Scogli0casa
225694,id-31,3,니드퀸,드릴포켓몬
225698,id-31,7,Nidoqueen,Pokémon Taladro
231767,id-592,4,輕飄l飄,漂浮寶可
235386,rec-724-dup-0,,Silvsrr9,Pfeilflügel-Pokémon
228801,id-313,8,Volbat,Pokémon ucciola
234991,rec-368-dup-1,,Goredbyds,Pokémon Mar del Sur
238170,rec-401-dup-0,,,こおろぎポケモン
233790,id-794,7,Buzzw0le,Pokémon Hjnchado
231174,id-532,,搬运小,筋骨宝可梦
231865,id-602,,シビシlラス,でんきうおポケモン
233390,id-754,7,Lutantis,Pokémon Fil0 Flor
230984,id-513,,爆香猴p,高温宝可梦
233838,id-799,5,Engloutyran,Pokémon Bizarrovore
233836,id-799,3,악식킹,악식성포켓몬
233837,id-799,4,惡食大王,異食寶可夢
233830,id-798,7,Kartana,Pokémon Desenvaine
233831,id-798,8,Kartana,Pokémon Spadatratta
232706,id-686,3,오케이징1<,회전포몬
228522,id-288,4,過動g猿,暴猿可y夢
238481,rec-27-dup-0,,穿山x鼠,鼠寶可夢
236920,rec-214-dup-0,8,Heracross,Pokémon Monocorno
227790,id-221,9,Piloss8ne,Swine Ppkémon
235136,rec-96-dup-1,3,,면포켓몬
235369,rec-831-dup-0,9,Wooloo,Sheep Pokémon
235362,rec-831-dup-0,3,우르,양포켓몬
235363,rec-831-dup-0,12,毛辫羊,绵羊宝可梦
235361,rec-831-dup-0,11,ウールー,ひつじポケモン
235366,rec-831-dup-0,7,Wooloo,Pokémon Oveja
228085,id-248,7,Tyraniar,Pokémon C0raza
230155,id-436,,Bronzor,Bronze Pkémon
229781,id-402,9,Kricokerune,Cricket Pokémom
235407,rec-67-dup-0,4,豪,
237024,rec-544-dup-1,,휠구nl,눈썹지네포켓몬
236579,rec-744-dup-0,,,Pokémon Cagnolino
227096,id-158,,Totodlle,Pokémon Mascellone
235804,rec-503-dup-1,,大劍鬼,
225462,id-10,,,
231543,id-569,,,ゴミすてばポケモン
238169,rec-401-dup-0,1,コロボー,こおろポケモン
230294,id-449,5,Hiopopotas,Pokénon Hip0o
230975,id-513,,バッ,こうおんポケモン
232249,id-640,6,Viridium,Wiesen-Pokémon
238021,rec-195-dup-0,,沼,水鱼宝可梦
239120,rec-591-dup-0,,敗露球v菇,蘑菇寶可夢
229509,id-378,1,レジアイスq,ひょうざんkポケモン
233199,id-735,6,Manguspektor,Beschattung
233197,id-735,4,貓鼬探長,監視寶可夢
233195,id-735,1,デカグース,はりこみポケモン
238677,rec-196-dup-0,1,エーフィ,たいようポケモン
238676,rec-196-dup-0,12,太阳伊布,太阳宝可梦
238675,rec-196-dup-0,4,太陽伊布,太陽寶可夢
238678,rec-196-dup-0,6,Psiana,Sonnen-Pokémon
229881,id-411,11,トリデプス,シールドポケモン
239106,rec-546-dup-0,1,モンメン,わたたまポケモン
239105,rec-546-dup-0,4,木棉球,棉球寶可夢
226050,id-63,7,Aba,Pokémon0 Psi
238732,rec-431-dup-0,6,Charjian,Fis
234343,id-849,11,ストvリンダー,
228796,id-313,,볼비트,반딧불켓몬
231240,id-539,7,Sawlc,Pokéjon Kárate
233979,id-813,6,Hopplo,Hasen-Pokémon
233977,id-813,4,炎兔兒,兔子寶可夢
233976,id-813,3,염버니,토끼포켓몬
235112,rec-852-dup-0,6,Klpptopus,Balg-Poiémon
233607,id-776,4,爆焰龜i獸,爆炸龜寶可夢l
236694,rec-778-dup-1,8,Minikyu,Pokémon Famtasmanto
235463,rec-636-dup-1,7,Larvecstas,Pokémon Aritorcha
229631,id-389,,Doditose,
237721,rec-825-dup-1,,天罩蟲w,天線罩寶可夢
232354,id-650,12,哈力,刺栗宝梦
235521,rec-614-dup-1,8,Bear5ic,Pokémon Glaclale
230017,id-424,,겟핸보,긴꼬리포켓몬
226272,id-83,9,Farfetch’co,Wild Duck Pokémom
228613,id-296,,Makuh'lta,Pokémon Valiente
228913,id-323,,バクー,ふんかポケモン
228535,id-289,,Letarking,Müßif
228911,id-323,8,Camerupt,Pokémon Eruzione
228914,id-323,12,喷火驼,喷火宝可梦
230502,id-468,4,波克ab基斯,祝福z寶可夢
231426,id-558,3,암팰리y스,바위집포9켓몬
232023,id-617,,アギルー,からぬけポケモン
232414,id-656,,,泡蛙宝可梦
228530,id-289,1,ケッキング,ものぐさポケモン
228532,id-289,3,게을킹,나태함포켓몬
234061,id-821,8,Rookidee,Pokémon Uccellino
230674,id-483,,帝牙卢卡,时间宝可
231075,id-523,,ゼブライカn,らいでんポケモン
227414,id-187,,Hopppu,Pokémon Algadón
233202,id-735,9,Gumsh0os,StakeoutPokémon
234672,id-882,9,Dracov9sh,Fossil Pokérnon
235134,rec-96-dup-1,6,Traumato,Hypnose
226975,id-147,,Dratini,Pokémon Dago
233785,id-794,1,マッシブーン,ぼうちょうポケモン
236442,rec-281-dup-0,1,キルリア,かんじょうポケモン
236440,rec-281-dup-0,7,Kirlia,Pokémon Sensorio
236441,rec-281-dup-0,9,Kirlia,Emotion Pokémon
236445,rec-281-dup-0,5,Kirlia,Pokémon Émotion
231498,id-565,5,Mégapagos,Pokémon Tortantique
236449,rec-281-dup-0,2,Kirlia,
239376,rec-421-dup-0,2,Cherrim,
231146,id-530,3,몰드류,땅밑포켓몬
231147,id-530,4,龍頭地鼠,地底寶可夢
231145,id-530,1,ドリュウズ,ちていポケモン
231148,id-530,5,Minotaupe,Pokémon Souterrain
235365,rec-831-dup-0,8,Wo0ooo,Pokéjon Pecora
238521,rec-443-dup-1,11,フカマzルs,りくザメポoケモン
239109,rec-546-dup-0,,Cottonee,Pokémonq Cot0npalla
235498,rec-784-dup-0,12,杖尾鳞甲龙,鳞片宝可梦
238957,rec-803-dup-0,7,Poipole,Pokémon Pin Veneno
239379,rec-421-dup-0,,樱e花儿,樱花宝可梦
225463,id-10,3,캐터,애벌레포몬
238714,rec-679-dup-0,9,Honedge,Sword Pokémon
231500,id-565,7,,Poktémon Pretortuga
238715,rec-679-dup-0,11,ヒトツキ,とうけんポケモン
238716,rec-679-dup-0,8,Honedge,Pokémon Armabianca
230289,id-448,12,路卡利,波导宝e可梦
228435,id-280,5,Tarrsao,Pokémon Sentinent
237659,rec-253-dup-0,,森林蜴,林蜥宝可梦
235118,rec-852-dup-0,9,Clobbopus,Tantrum Pokémon
232323,id-647,,ケルディオ,わかごまポケxモン
230147,id-436,,ドーミラーa,せいどうポケモン
235389,rec-724-dup-0,8,Deciclueye,Pokémon Alifredcia
238740,rec-564-dup-0,,프로토가,옛날거북포켓k몬
234985,rec-368-dup-1,,サクラビ,なんかいポケモン
229505,id-377,8,Regir9ck,Pokém0n Picco
232629,id-678,6,Psiaugon,Fassungs-Pokémon
238748,rec-331-dup-1,2,Sabonea,
238747,rec-331-dup-1,7,Cacnea,Pokémon Cactus
231152,id-530,9,Excsdri|l,Subterrene Ppkémon
237356,rec-568-dup-0,7,Trubvish,Pokémon Bo|sa Basura
227940,id-235,5,Queulori0r,Pokémon Peintqre
229900,id-413,7,,Pokémpn Larva
233409,id-756,,,Lumineszenz-Pokémon
235803,rec-503-dup-1,,Snurott,Formidable Pokémon
229446,id-372,4,甲殼龍t,
229882,id-411,,护城龙k,护盾宝可梦
230290,id-449,,ヒポポタtス,カバポケモン
232646,id-680,,쌍검,도검포켓몬
235460,rec-636-dup-1,8,Larve5ta,Pokémon Toca
230643,id-481,,Etmrit,
232631,id-678,,Meowstic,Pokémon Tempersnza
234666,id-882,,어래곤,화석포r켓몬
235411,rec-67-dup-0,8,Machom3,Pokémon Megaf0rza
234155,id-831,,,ひつじポケモン
228630,id-298,,Rvriric,
229895,id-413,,Minomdam,
230671,id-483,8,Diga,Pokémon Tmpo
227986,id-239,7,Elekd,Pokémon Eléactrico
230985,id-514,,バオッキー,ひのこポモン
230982,id-513,,Paj5ear,High Temp Pokémon
234469,id-862,6,Barrikadax,Barrikaden-Pokémon
236833,rec-316-dup-1,5,Gjoupti,Pokémon E5tomac
231179,id-533,,Streporli,Muskel-Pokémon
230858,id-501,5,Moustinlon,Pokémon Louitre
237359,rec-568-dup-0,4,破破m,垃圾袋寶可夢u
238609,rec-894-dup-0,,,Elektronen-Pokémon
238477,rec-27-dup-0,3,,
237100,rec-88-dup-0,,,污泥宝可梦
229775,id-402,3,,귀뚜w라미포켓t몬
234465,id-862,,タチフサグマ,ていしポケモuン
231432,id-558,9,Crustle,Stone Home Pokémon
231047,id-520,4,,野鴿寶可i夢
231166,id-532,3,으랏차y,근골포켓몬t
228799,id-313,6,Vo:beat,Glühwürnchen
229982,id-421,,チェリoム,サクラポケモン
230994,id-514,12,,火宝可梦
237881,rec-496-dup-0,,ジャノー,くさへびポケモン
238673,rec-196-dup-0,7,Espen,P0kémon Sol
231149,id-530,6,Stakogor,Untergrurid-Pokémon
232800,id-695,7,Heliolsk,Pokémon Generzdor
227237,id-171,6,Lcaynturn,Leuchten-Pokénon
238523,rec-443-dup-1,,Fuamarv,
234931,rec-824-dup-1,3,두루지벌레,유충포켓몬
228608,id-296,,Malcun0shita,
239281,rec-169-dup-1,,Croj>at,
230827,id-498,4,暖暖豬v,火豬寶可夢y
239121,rec-591-dup-0,6,Hutsa5sa,Pilz-P0kémon
230857,id-501,,水水,海獺寶可夢
234078,id-823,,Corvakllus,Pokémon Corbeau
237718,rec-825-dup-1,12,天罩虫,天线罩宝可梦
237716,rec-825-dup-1,1,レドームシ,レドームポケモン
234160,id-831,7,Wooloo,Pokémon Oveja
234164,id-831,12,毛辫羊,绵羊宝可梦
235413,rec-67-dup-0,7,Machoke,Pokémon Superpoder
231821,id-597,8,Ferrose3d,Pokémon Spknaseme
235139,rec-96-dup-1,5,Soporidik,Pokémon Hypmose
238945,rec-641-dup-0,,トルネロス,せんぷfうポケモン
228908,id-323,,Cagméript,Pokémon Éruption
232247,id-640,,畢力吉翁,
232709,id-686,6,I5caiar,Rotations-Pomémon
235983,rec-589-dup-0,1,,きへいケモン
234367,id-852,,拳拳,纏人寶可夢
235456,rec-636-dup-1,5,Pyron'llld,Pokémon T0rche
231497,id-565,,肋h骨海龜,古代龜寶可夢
237103,rec-88-dup-0,,,Pokémon Dégueu
232211,id-636,,Larvesga,Pokémon Torcia
230670,id-483,7,Dialgq,Pokéiiion Teiiiporal
237941,rec-126-dup-0,7,Magmar,Pokémon Escupefuego
232167,id-632,4,,鐵蟻寶可k夢
237093,rec-88-dup-0,,ベトiベター,ヘドロポケモン
232296,id-645,,랜드로스b,풍요포켓몬
234339,id-849,,Riffecfx,Punk-Pokémon
237370,rec-448-dup-1,5,Lucrio,Pokémo Aura
238404,rec-503-dup-0,,大劍,威嚴寶可夢
228082,id-248,4,班基拉q斯,鎧寶可夢n
233770,id-792,,Lunzls,Pokémon Corona Lunar
237719,rec-825-dup-1,,레돔벌레,레이돔포1켓몬
233044,id-719,,蒂安希,宝石宝
235999,rec-85-dup-0,12,嘟嘟d利,三头鸟可梦
237458,rec-292-dup-0,,脱壳忍者,空壳宝梦
237113,rec-194-dup-0,9,Wooer,Water Fishz Pokémon
227093,id-158,5,Kaimins,Pokém0n Mâchoire
235719,rec-134-dup-1,6,Aquanz,Blubbblasen-Ppkémon
232555,id-671,1,,ガーンポケモンe
235231,rec-225-dup-0,9,Delibird,Delivery Pokémon
231855,id-601,1,ギギfギアル,
235769,rec-738-dup-1,5,Lucnon,PokémonScarahée
231593,id-574,11,ゴチム,ぎょうしポケモン
231592,id-574,9,Gothita,Fixation Pokémon
230989,id-514,6,Grillchitna,Funkemregen
239206,rec-29-dup-1,1,,どくばり9ポケモン
239314,rec-121-dup-0,12,宝石海,
238472,rec-27-dup-0,5,Swbelette,Pokémon ovris
228909,id-323,,Camzeru0t,Ausbruch
239344,rec-241-dup-0,7,Miltarok,Pokémon Lechsra
235116,rec-852-dup-0,4,拳v拳,纏人可夢
235806,rec-503-dup-1,5,Clamral,Pokémon Digniaire
230996,id-515,,앗차프,물뿌리기포몬
238727,rec-431-dup-0,,나옹s마,내숭포켓몬
229552,id-381,12,拉帝欧x斯,无限宝可l
237999,rec-438-dup-0,5,Manaï,Pokémom Bonsaï
238287,rec-303-dup-0,8,Mawlle,Pokémon Inganmo
225695,id-31,,尼多,鑽錐寶可夢
234135,id-829,,ヒメン,はなかざりポケモン
238518,rec-443-dup-1,,딥상어동,육지상어포켓q몬
230859,id-501,6,Ottaro,Otter
229510,id-378,2,Regice,
229511,id-378,3,레지아이스,빙산포켓몬
231817,id-597,4,種子鐵球,刺果寶可夢
228537,id-289,,Slaking,Pokémon Pigriia
230584,id-475,,Galoade,Blade Pokémon
229879,id-411,8,Bastiodon,Pokémon Schermo
229875,id-411,4,護城龍,護盾寶可夢
229874,id-411,3,바리톱스,실드포켓몬
229873,id-411,2,Trideps,
229877,id-411,6,Bolltetus,Schutzschilad
228617,id-296,12,幕下t力士,毅力宝梦
233843,id-799,11,アクジキン,あくじきポケoモqン
239231,rec-138-dup-0,8,Omqmyte,Pokémon Spwirale
239209,rec-29-dup-1,8,Nidoran♀,Pokémon Velenago
239201,rec-29-dup-1,9,Nidoran♀,Poison Pin Pokémon
239200,rec-29-dup-1,4,尼多蘭,毒針寶可夢
239202,rec-29-dup-1,7,Nidoran♀,Pokémon Pin Veneno
232298,id-645,5,Démétéros,Pokémon Fertilité
232210,id-636,7,Larvexta,PokémonAntorcha
232246,id-640,3,비리디d온,
227786,id-221,,Cochignon,Pokémon Pprc
227929,id-234,5,Cerfrousse,Pokémon Maxi Corne
227928,id-234,4,驚角鹿,大角寶可夢
236393,rec-341-dup-0,,Corphish,Pokémon Rufiári
229686,id-394,,Pottai5bi,
237657,rec-253-dup-0,3,나무돌이,숲도마뱀포켓몬
235676,rec-889-dup-0,,Zamalzenta,Krieger-Pokémon
229543,id-381,,Latioa,
234671,id-882,,,Pokémon Fossile
239342,rec-241-dup-0,,Miltsn1<,
231861,id-601,,Kinklxang,Pokémon Ingranaggio
232798,id-695,,Ifvolta,Pokémon Générateur
232946,id-710,3,호바귀,호박포켓몬
232948,id-710,5,Pitrouille,Pokémon Citrouille
235680,rec-889-dup-0,4,g藏瑪然特,強者寶e可夢
235726,rec-134-dup-1,4,水m伊布,吐泡寶可
230286,id-448,,Lucario,Pokémob Aura
236835,rec-316-dup-1,2,Gokulin,
237936,rec-126-dup-0,,Boolber,
238774,rec-118-dup-1,6,Goldili,Goldfisch-Polémon
228079,id-248,,バンギラス,よろポケモン
236057,rec-97-dup-0,,引夢人,催眠寶可夢
232304,id-645,,土地,丰饶宝可梦
236448,rec-281-dup-0,6,Kiriia,Emoti0ns-Pokémon
234583,id-873,,モスノウc,こおりがポケモン
235395,rec-166-dup-0,6,Lesihan,Fünf-Pinkt
234282,id-843,9,,Samd Snake Pokémon
233388,id-754,5,mFloramhantis,Pokém0n Fauch’Fleur
234937,rec-824-dup-1,7,Blipbvg,Pokémon Puoa
233391,id-754,,Lurantus,Pokémon Mantifiore
236353,rec-219-dup-0,5,Volcarooocl,
232352,id-650,9,Cheapsin,Spiny Nut Pokmon
228433,id-280,,랄토스|,느낌포켓몬
238480,rec-27-dup-0,9,bSansshrew,MousePokémon
227301,id-177,4,天然d雀,小鳥寶可j夢
227242,id-171,,电灯,灯宝可梦
231168,id-532,5,Charpent9,
227092,id-158,4,小鋸,大顎可夢
226619,id-115,4,袋獸,親子寶可夢
231860,id-601,7,Klinklabg,PokémonEngramaje
228519,id-288,1,ヤルキモノ,あばれザルポケモン
235664,rec-442-dup-1,4,花岩,
233842,id-799,,Guzzlprd,Junkivore Pokémon
230280,id-448,,Lucari0,
236580,rec-744-dup-0,5,Rocabot,Pokémon Chiot
230976,id-513,3,바프,
228538,id-289,,Slakinf,Lazy Pokémon
230311,id-450,,河马兽y,重量宝可梦
227095,id-158,7,Totldile,Pokénon Favces
235124,rec-205-dup-0,6,Fosteloka,Beuteiwurm
239044,rec-141-dup-0,,カブトプ,こうらポケモン
225501,id-13,8,Weedlbe,Pokémon Mllepiedi
231003,id-515,11,ヒヤッ,みずかポケモン
239276,rec-169-dup-1,,叉蝠,蝙蝠宝可梦
232799,id-695,6,Eleczard,Generatoren-Poiémon
236004,rec-85-dup-0,,두트리오,세쌍둥이새포몬
235253,rec-395-dup-0,6,Impole0j,Kaisr
235230,rec-225-dup-0,,Delbird,
239199,rec-29-dup-1,,Nidorarj♀,
236446,rec-281-dup-0,8,Kirjja,P9kémon Emozione
233399,id-755,6,Bubungus,Lumineszenz-Pokémon
233398,id-755,5,Spododo,Pokémon Luminescent
233395,id-755,1,ネマシュ,はっこうポケモン
233394,id-754,12,兰螳花,花镰宝可梦
231084,id-523,,雷电斑,雷电宝可梦
231236,id-539,3,타격,태권도포켓s몬
234077,id-823,4,鋼鴉,烏鴉可y夢
232945,id-710,,バケッャ,かぼちゃポケモン
231173,id-532,,ドッラー,きんこつポケモン
230073,id-429,4,夢妖r魔,魔法寶可s夢
239522,rec-181-dup-0,9,Amphar0s,Light P0kéqmon
230310,id-450,11,カfバルド,じゅうりうポケモン
234180,id-833,7,Chwte,Pokémon aMordedura
231709,id-586,6,Kronjuwild,Jahreszeit
231704,id-585,12,四季鹿,季节宝可梦
231701,id-585,8,Deerling,Pokémon Stagione
235394,rec-166-dup-0,7,Lediwn,Pokémon n5 Estrellas
228607,id-296,1,マクノシタh,こんじょうケモン
226869,id-138,1,オムナイト,うずまきポケモン
239283,rec-169-dup-1,1,クロバット,こうもりポケモン
239287,rec-714-dup-0,3,음뱃,음파포켓몬
239289,rec-714-dup-0,4,嗡蝠,音波寶可夢
239288,rec-714-dup-0,6,eF-eM,Schallwellen-Pokémon
233446,id-760,3,이븐곰b,강한완력포몬
232645,id-680,,,とうけんポケモン
231441,id-559,8,Scrag9u,Pokémon Mtapelle
233939,id-809,,Melmeqtal,Mutter-Pokémon
225830,id-43,,Oddish,Pokémln Hierbajo
235677,rec-889-dup-0,8,Zamaz4nta,Pokémon Guerrlero
231770,id-592,7,Frill:sh,Pokémon Irigrávido
234970,rec-149-dup-1,3,망,드래곤켓몬
235807,rec-503-dup-1,6,Admuraei,Würcle
230768,id-492,,Shayiiijn,Dankbarkeit
234468,id-862,,Ixoei,Pokémon Barrage
235396,rec-166-dup-0,4,,五星可夢
239220,rec-662-dup-0,1,ノヤコマ,ひのこポケxモン
228084,id-248,6,Desp0ar,Panzer-Plkémon
234373,id-852,,タタコ,だだっこポケモン
232256,id-641,3,토네로스g,
231872,id-602,9,Tybam0,EleFish Ppkémon
227927,id-234,3,노라키ks,큰뿔포몬
235500,rec-784-dup-0,,Kommo-o,Scaly sPokémon
235684,rec-889-dup-0,,ザマゼタ,つわものポケモン
236840,rec-316-dup-1,1,ゴクリ,いぶくろポケモpン
237715,rec-825-dup-1,,Dottier,Pokémon Radomo
230126,id-434,,Sknooo,
229630,id-389,1,ドダイトス,たいりくポケモン
229634,id-389,5,Torterra,Pokémon Continent
233449,id-760,,Kosturso,Kraftarmr-Pokémon
232108,id-626,5,Frisoen,Pokémon C0up d’Bœuf
226045,id-63,,Caey,
226205,id-77,8,Ponyta,Pokémon Cavalfuoco
226203,id-77,6,Ponita,Feuerpferd-Pokémon
226208,id-77,12,小火马,火马宝可梦
234987,rec-368-dup-1,4,櫻花魚,南海寶可夢
234986,rec-368-dup-1,3,분홍장이,남해포켓몬
235271,rec-249-dup-0,,루기아u,잠수포켓몬
229157,id-346,1,ユレイドル,いわつぼポケモン
229158,id-346,2,Yuradle,
238724,rec-431-dup-0,12,魅喵,装乖宝
230666,id-483,3,디아루가,시간포켓몬
234369,id-852,6,,Balg-P0kémon
235462,rec-636-dup-1,4,燃燒l蟲,
233400,id-755,7,Morelull,Pokémon Luminiscente
233403,id-755,11,ネマシュ,はっこうポケモン
229988,id-421,7,Cherrim,Pokémon Floración
235994,rec-85-dup-0,11,,みつごりポケモン
234156,id-831,,우,양포켓몬
225696,id-31,,Nidoqueen,Pokémobn Perceur
227094,id-158,,Karnimani,Großiiiaul
226051,id-63,8,Alora,Pokémon P2ico
238652,rec-518-dup-0,1,ムcシャーナ,ゆめうつポケモkン
238022,rec-195-dup-0,6,Morbrd,Fisch-Polémon
227409,id-187,,Hanec0,
238361,rec-153-dup-0,,,はっぱポケモン
239348,rec-241-dup-0,12,大奶,奶牛宝可梦l
236919,rec-214-dup-0,,Heracr05,
225470,id-10,11,キャタピjー,いもむしポケeモン
232016,id-617,3,어지리o더,탈껍질켓몬
227943,id-235,8,Smear9le,Pokémori Pittore
228529,id-288,12,过动,
230835,id-499,,チャオー,ひぶたポケモン
231083,id-523,,ゼブライg,らいでんポケモン
232172,id-632,9,Durant,Iron Ant Pokémon
232173,id-632,11,アイアント,てつアリポケモン
232171,id-632,8,Durant,Pokémon Ferformica
231078,id-523,5,Zéblz,Pokémon Fojudrélec
232257,id-641,,龍y捲雲,旋風寶可夢
228187,id-257,,バシャーモ,もうかポモン
233411,id-756,8,,Pokémon Lvminwscenza
235368,rec-831-dup-0,,毛辮羊,
227239,id-171,,Lanturn,okémon Luce
234932,rec-824-dup-1,1,サッチ,ようちゅうケモン
230366,id-455,12,尖牙,捕虫可梦l
234069,id-822,6,Kraovis,Krähen-P0kémon
227598,id-204,,榛果球,蓑衣蟲寶t可夢
230125,id-434,,スンプー,スカンクポケモン
226981,id-148,3,신,드래곤포켓
230770,id-492,,Shaym:n,Pokémon Gratitudine
232300,id-645,7,Landoru5,Pokém0n Fertjlidad
231774,id-592,12,轻飘飘mq,漂浮宝可
234076,id-823,,아머까오,까마귀포
235236,rec-225-dup-0,6,,
231001,id-515,8,Panor,Pokémon Annaffiat0re
232557,id-671,,花潔夫人,花園a寶可夢
237363,rec-448-dup-1,,Lucartoo,
232803,id-695,11,エレザaード,はつでんポモン
232707,id-686,,好啦魷,
226271,id-83,8,Fa4fetch’d,Pokémon Selvariatra
231784,id-593,12,胖嘟嘟,漂浮宝可梦
231780,id-593,7,Jellicent,Pokémon Ingrávido
231781,id-593,8,Jellicent,Pokémon Fluttuante
239378,rec-421-dup-0,,Cherrim,
235398,rec-166-dup-0,5,Coxyc1aque,Pokémokn 5 Étoiles
228824,id-315,,Rose|ia,Thorn Pokémon
237754,rec-574-dup-1,9,Gothit,Fixationv Pokémon
226615,id-114,12,,藤蔓状宝可梦z
233038,id-719,5,Diamcie,Pokémi Joyau
238769,rec-118-dup-1,,콘,금붕어포켓몬
235502,rec-784-dup-0,,Grand9ras,Schuppentier-Pokémon
237761,rec-32-dup-0,,ニドラン♂,どくばりポケモ
236585,rec-744-dup-0,,Wuffxel,Welpen-Pokémon
236343,rec-219-dup-0,,Magcargo,Labva
233408,id-756,5,Lampikgnon,Pokémon Lumjnescent
235503,rec-784-dup-0,4,杖尾鱗甲龍,鱗片寶可夢
235504,rec-784-dup-0,3,짜랑고우거,비늘포켓몬
234573,id-872,,ユキミ,いもむしポケモン
232556,id-671,,플라l제스,가든포켓몬
235997,rec-85-dup-0,,Dodri0,Pokémon Trioiseau
227306,id-177,,Nautu,Tiny Bird Pokémon
239041,rec-141-dup-0,8,Kabvtps,Pokémon Crosaceo
233203,id-735,,デカグーvuス,はりこみポケモン
233508,id-766,,Quartermacw,Pokémon Coopération
237019,rec-872-dup-0,4,雪吞p蟲,蟲寶寶可夢
231425,id-558,1,イワパレス,いわやどポケモン
231427,id-558,4,岩殿居蟹,岩居寶可夢
234139,id-829,6,Cottini,Blumenzier-Pokémon
230350,id-454,6,Toxi4uak,Giftmumd-Pokémon
227240,id-171,9,Lantvrn,Light Pokémo
232349,id-650,6,Igaiiiaro,Stacheljopf
229746,id-399,7,Bidooc,Pokém0n uGran Ratón
237759,rec-32-dup-0,6,Nidoran♂,Giftdorn-Pokémon
233392,id-754,9,Lurant0s,Bloom Sickoe Pokémon
230586,id-475,12,艾路雷g,利刃宝可梦b
232350,id-650,7,Chespn,Pokém0n Erizo
230149,id-436,,,청동포켓몬
229974,id-420,,櫻花,櫻桃寶可夢
230074,id-429,5,Msgirêve,Pokémon eMagique
228905,id-323,,Bakvucla,
230024,id-424,,エテuボース,おながポケモン
231894,id-604,,麻麻鳗鱼王,电鱼e宝可梦
229163,id-346,,Crwadilv,Pokémon Percebe
230153,id-436,7,Bron2or,Pokémon Brnonce
235233,rec-225-dup-0,5,Cad0iz,Pokéon Livraison
234584,id-873,,雪绒,冰蛾宝可梦
234712,id-886,9,Drakloak,Caretaker Pokémon
232653,id-680,11,ニダンギル,とうけんポケモン
232650,id-680,7,Doublade,Pokémon Tizona
235393,rec-166-dup-0,3,레디안,별다섯포켓몬
235392,rec-166-dup-0,1,レディアン,いつつぼしポケモン
230075,id-429,6,Traubmagil,Mabisch
237108,rec-194-dup-0,8,Wo0per,Pokémon Ac9uapesce
236388,rec-341-dup-0,9,Corphixh,Ruffian Pokéiiion
238718,rec-679-dup-0,5,Monorpale,Pokémon Glaive
238719,rec-679-dup-0,3,단칼빙,도검포켓몬
239048,rec-141-dup-0,9,Kabutops,Shellfish Pokémon
239046,rec-141-dup-0,6,Kabutops,Schaltier-Pokémon
239045,rec-141-dup-0,3,투구푸스,껍질포켓몬
238754,rec-331-dup-1,,刺球仙人掌b,仙人掌宝可梦
236584,rec-744-dup-0,1,イワqンyコ,こいぬポモン
236351,rec-219-dup-0,4,熔岩y蝸牛,熔寶可s夢
239524,rec-181-dup-0,4,電龍,燈寶可夢
231706,id-586,,바라철록,계절포y켓몬
232252,id-640,,,Grassland Pokémon
226605,id-114,,モンジャラ,ツルじょうポケン
229453,id-372,12,甲壳龙q,耐力宝可梦w
235464,rec-636-dup-1,11,,たいまつポケvモン
234466,id-862,3,가로막구리,정지포켓몬
230703,id-486,7,Regigigas,Pokémon Colosal
230702,id-486,6,Regigigas,Kolossal-Pokémon
230701,id-486,5,Regigigas,Pokémon Prodigieux
230700,id-486,4,雷吉奇卡斯,巨大寶可夢
230129,id-434,5,,Pokémonk Moufrtte
239309,rec-121-dup-0,7,Starme,Pokémon Misterio5o
235996,rec-85-dup-0,,Dodrio,
231076,id-523,3,제브라이카,뇌전포켓몬
231077,id-523,4,雷電斑馬,雷電寶可夢
238660,rec-518-dup-0,,몽얌나,꿈결포켓
236839,rec-316-dup-1,8,Gulpin,Pokémon Stomaco
232949,id-710,6,Ir4bi,Kürbis-Pikémon
237462,rec-292-dup-0,6,,Häutunts-Pokémon
237878,rec-496-dup-0,6,Efoserp,Grasschlange
237879,rec-496-dup-0,12,青藤蛇,草蛇宝可梦
237874,rec-496-dup-0,9,Servine,Grass Snake Pokémon
236587,rec-744-dup-0,4,岩狗狗,小狗寶可夢
236054,rec-97-dup-0,3,슬리퍼,최면포켓몬
236056,rec-97-dup-0,8,Hypno,Pokémon Ipnosi
230358,id-455,3,,벌레잡이포켓i몬
233793,id-794,,マッシブxーン,ぼうちょうポケモン
226409,id-96,,슬리프,
235805,rec-503-dup-1,1,ダイケンキ,かんろくポケモン
235802,rec-503-dup-1,12,大剑鬼,威严宝可梦
235800,rec-503-dup-1,8,Samurott,Pokémon Dignità
231824,id-597,12,种子球,刺果宝可
229780,id-402,8,Krickerune,Pokémon Geillo
237747,rec-574-dup-1,,Scrvtella,Pokémon Dévisageur
226000,id-59,1,ウインィ,でんせつケモン
232355,id-651,,ハリボー,とげよろいポケモン
229685,id-394,1,ポッイシ,ペンギンポケン
229504,id-377,7,Regirovk,Pokémon PicoRoca
229743,id-399,4,大狸,圓鼠可夢
239205,rec-29-dup-1,,니드런♀,독침포켓k몬
235121,rec-205-dup-0,5,Fortress,Pokémon Vner Caché
227934,id-234,11,オドシ,おおツノポケモn
232017,id-617,,敏捷x蟲,脫殼寶可夢
229896,id-413,3,도롱마담,도롱이벌레포켓몬
238363,rec-153-dup-0,9,,Leaf Pokém0n
230766,id-492,,謝米,感謝寶可8夢
233773,id-792,11,ルナアーラ,がちりんポケモン
239341,rec-241-dup-0,,ミルタンク,ちちうしポケン
226989,id-148,12,哈克龙,龙宝可梦
226986,id-148,8,Dragonair,Pokémon Drago
226987,id-148,9,Dragonair,Dragon Pokémon
226982,id-148,4,哈克龍,龍寶可夢
226983,id-148,5,Draco,Pokémon Dragon
226207,id-77,,ポニータx,ひのうまポケモン
236832,rec-316-dup-1,7,Gulp'ln,Pokémon Esrómago
227213,id-169,,叉字蝠,蝙蝠寶可q夢
239298,rec-382-dup-1,5,,Pokémon Bassinmarn
230993,id-514,,バオッキー,
225465,id-10,5,Cheniah,Pokém0n Ver
229844,id-408,,Koknodm,Kopfstoß
235656,rec-442-dup-1,6,Kryppul<,Verbo6en-Pokémon
237937,rec-126-dup-0,5,Magmar,Pokémon Crache-Feu
233606,id-776,,폭거북스u,폭발거북포켓몬
230025,id-424,12,双尾怪手f,长尾宝可w梦
233786,id-794,,매시붕,팽창포켓몬h
234971,rec-149-dup-1,12,快龙,龙宝可梦
231588,id-574,,Scrutella,Pokémom Dévisageur
231867,id-602,4,麻麻,電z魚寶可夢
225787,id-39,,Jigglypuff,Pokémon Palwlone
231243,id-539,,ダゲclキ,からてポケモン
228609,id-296,3,마크탕c,근성포켓e몬
235979,rec-589-dup-0,11,シュバルtゴ,きへいポモン
231697,id-585,,四季,季節寶可夢
232406,id-656,3,,거품개구리d포켓몬
238029,rec-195-dup-0,3,누오,수어포켓몬
238024,rec-195-dup-0,9,Quagsire,Water Fish Pokémon
238025,rec-195-dup-0,8,Quagsire,Pokémon Acquapesce
231540,id-569,7,Garbodor,Pokémon Vertedero
231544,id-569,12,灰尘山,垃圾场宝可梦
228635,id-298,7,Azuril|,Pokémoln A Topos
230499,id-468,1,トゲキッス,しゅくふくポケモン
230667,id-483,4,帝牙盧,
234075,id-823,1,アーマーガア,カラスポケモン
234074,id-822,12,蓝鸦,乌鸦宝可梦
235679,rec-889-dup-0,5,Zamazenta,Pokémon Valeureux
233543,id-769,,,すなやまポケモン
232112,id-626,,Bouffalzaqnt,Bash Buffalo Pokémon
225418,id-6,,Lizardob,
230347,id-454,,독굴,독설포켓몬
229783,id-402,12,音箱蟀y,蟋蟀宝梦
230305,id-450,,Hippdocus,Pokémon Poids Lourd
234933,rec-824-dup-1,5,Larvsdabr,Pokémn Larve
228520,id-288,,Yaruksimono,
226625,id-115,11,,おやこポケモqン
230283,id-448,5,Lucakrio,Pokéiiion Aura
234667,id-882,4,鰓魚龍mb,化石寶夢
226274,id-83,,大葱,黄嘴鸭宝可梦
232264,id-641,12,龙卷,旋风宝梦
234988,rec-368-dup-1,,Gorebyss,Pokémon S8dmarino
229452,id-372,,コモルー,にんたいkポケモン
234057,id-821,,稚山雀,小鳥夢
229742,id-399,,,둥글쥐포켓몬
238286,rec-303-dup-0,,,Schwindler-Pokémon
228637,id-298,,Azjril,Polka Dot Pokémon
235655,rec-442-dup-1,,ミカルゲ,ふういんsポケモン
229990,id-421,,Ch4rrlm,Blossom Pokémon
236583,rec-744-dup-0,12,岩狗,小狗宝梦
233451,id-760,8,Bewdar,Pokémon Fortetbraccio
230128,id-434,,臭噗,臭鼬寶可夢
234060,id-821,7,Romokidee,Pokémom Pajarito
235517,rec-614-dup-1,9,Beart9c,FreezingPkémon
226206,id-77,,Ponuta,Fire Horse Pokémon
228183,id-257,,Lobgoci,Großbrand-Pokémon
228832,id-316,6,Schluppuck,Magen
228833,id-316,7,Gulpin,Pokémon Estómago
237101,rec-88-dup-0,7,Grimner,Pokémori Lodo
233381,id-753,8,Fomantks,Pokémon Mantiddrba
238478,rec-27-dup-0,1,サン,ねずみポtケモン
234577,id-873,4,雪絨b,冰蛾寶k可夢
226591,id-112,9,Rhydon,Drill Pokémon
226593,id-112,12,钻角犀兽,钻锥宝可梦
237875,rec-496-dup-0,3,샤,풀뱀포켓몬a
226985,id-148,7,Dragonakr,Pokémo Dragón
237654,rec-253-dup-0,11,,もりトカゲポfケモン
233605,id-776,1,バクメス,ばくはつが2めポケモン
233641,id-779,8,Bruxish,Pokémon Sfregadenti
237651,rec-253-dup-0,,ジュプトル,もりトカポモン
228836,id-316,11,ゴク,いぶくろポケン
238959,rec-803-dup-0,8,P0ipole,Pokémon Velenag0
226204,id-77,7,Ponmyta,Pokémon Caballo Fiego
238604,rec-894-dup-0,,Regileki,Electron Pokémon
235723,rec-134-dup-1,1,シャワuーズ,あわはきポoケモン
237369,rec-448-dup-1,1,ルカリオ,はどうポケモン
238473,rec-27-dup-0,12,穿山鼠d,
237367,rec-448-dup-1,6,Lucario,Aura-Pokémon
237360,rec-448-dup-1,9,Lucario,Aura Pokémon
237023,rec-544-dup-1,5,cobollde,Pokémon Coconplop0de
238522,rec-443-dup-1,,Kaunala6,Landhai-Pokémon
226408,id-96,,Sleeo,
226618,id-115,3,캥카b,가족포켓
226048,id-63,,,Pokémon Psy
239040,rec-141-dup-0,,鐮刀盔,甲殼寶可p夢
227749,id-218,,マグマッ,ようがんポケモン
228820,id-315,,Roséli5,Pokémon Épine
230669,id-483,6,Dialta,Zeitweilig-Pokém0n
227211,id-169,2,Crobat,
227219,id-169,11,クロバット,こうもりポケモン
227218,id-169,9,Crobat,Bat Pokémon
234301,id-845,,Cramo5ant,Pokémon Inghiottone
232630,id-678,,Meowstoc,Pokémon Autocontrol
226877,id-138,9,Omante,Sporal Pokémon
235133,rec-96-dup-1,8,Dr0wzee,Pokémon Ipnos'l
229430,id-370,11,vラブカyス,ランデブーポケモcン
226052,id-63,,Abqa,Psi Pokémon
225422,id-6,6,Glural<,Flammen-Plkémon
229849,id-408,12,头盖y龙c,头锤宝t可梦
231542,id-569,9,Gar1>odor,Trash Heap P0kémon
232113,id-626,,バッフロン,ずつきうしポケン
237753,rec-574-dup-1,4,哥德寶,凝視寶可
238723,rec-679-dup-0,7,Honedte,Pokémon Ti2ona
237722,rec-825-dup-1,,,Radarkuppel-Pokémon
231535,id-569,1,ダストス,ゴミすてばポケeモン
233512,id-766,,Passimifan,Teamwork Pokémon
228632,id-298,4,露力,水珠寶可
238402,rec-503-dup-0,12,大剑鬼,威严宝可梦
238403,rec-503-dup-0,9,Samurott,Formidable Pokémon
238407,rec-503-dup-0,6,Admurai,Würde
230650,id-481,9,Mesprit,Emotion Pokémon
233386,id-754,,라란스,꽃사마귀포켓몬
238030,rec-195-dup-0,,ヌオー,みずうおポモン
230121,id-433,8,Chin9ljng,Pokémon Sonsglio
226980,id-148,,Hakyrvu,
229975,id-420,5,Ceribou,Pokémon Cerise
230077,id-429,8,Mismagkus,Pokémon Stregobne
225825,id-43,,Nazonodkuss,
236396,rec-341-dup-0,,Heigan0i,
229848,id-408,11,ズガイス,ずつきケモン
227785,id-221,4,長毛豬,野豬寶可夢
227784,id-221,3,메꾸리,멧돼지포켓몬
227783,id-221,2,Inomoo,
227782,id-221,1,イノムー,いのししポケモン
234275,id-843,,スナビr,すなへびポケモン
227789,id-221,8,Piloswine,Pokémon Suino
233535,id-769,1,スナバァ,すなやまポケモン
233537,id-769,4,沙丘娃,沙丘寶可夢
239306,rec-121-dup-0,1,スターミaー,なぞのポケvモン
229776,id-402,4,音箱,蟋蟀寶可夢f
227613,id-205,8,Forretrrs5,
237876,rec-496-dup-0,,Servime,Pokémon Serperba
233035,id-719,1,ディアンシー,ほうせきポケモン
233036,id-719,3,디안시,보석포켓몬
233039,id-719,6,Diancie,Edelstein-Pokémon
235773,rec-738-dup-1,,クワガノfン,くわがたポケモン
228825,id-315,11,ロゼア,いばらポモン
226201,id-77,,小火馬,火馬寶夢
234569,id-872,6,Snomnom,Wurm-Pokémon
234568,id-872,5,Frissonille,Pokémon Ver
235132,rec-96-dup-1,12,催眠貘r,催眠宝可梦t
228540,id-289,12,请假王,怕麻烦宝可梦
239123,rec-591-dup-0,11,モロバル,きのこケモン
230652,id-481,12,艾姆利h多,
227926,id-234,,Odoshishuy,
228837,id-316,,溶食,胃袋宝可梦
233768,id-792,5,Lunadnla,Pokémon Halo Lunare
239523,rec-181-dup-0,,Amphzros,Leuchte
232318,id-647,5,Kelcleo,Pokémorn Poulain
232109,id-626,6,Bisofank,Kopfstoßrind-Pokémon
232105,id-626,1,バッフロン,ずつきうしポケモン
231496,id-565,3,늑골,옛날거i북포켓몬
236443,rec-281-dup-0,4,,感情寶夢
234366,id-852,,때때무노,떼쟁이포켓f몬
238755,rec-331-dup-1,,Cacnea,Pokémom Cactus
230504,id-468,6,Tigekis,
233448,id-760,5,Cheloutis,
239528,rec-181-dup-0,1,,ライトポケモンo
235657,rec-442-dup-1,9,Spiritob,Forbiddrn Pokémon
232633,id-678,,ニャオニス,よくせいポケモン
228835,id-316,9,Gulpim,Stomach Po1<émon
226581,id-111,,サイホーン,とげzとげポケモン
238304,rec-150-dup-1,,M3wto,Pokémon Genético
235496,rec-784-dup-0,8,Komrno-o,Pokémon Sqvama
234975,rec-149-dup-1,6,,Drachen-Polcémon
231154,id-530,,龙头地,地底宝可梦
229843,id-408,5,Kralnodos,Pokémon Coud’Bovle
234181,id-833,,,Pokémon Mordace
230997,id-515,,冷水,潑水寶可夢
226046,id-63,3,캐이시,초능력포켓몬
226044,id-63,1,ケーシィ,ねんりきポケモン
226049,id-63,6,Abra,Psi-Pokémon
229159,id-346,,릴리요,바위단u지포켓몬
229880,id-411,9,Bastiodo,Shield Pokrnon
229745,id-399,6,Bidl2a,Dickmavs
234567,id-872,,雪v吞蟲b,蟲寶寶寶可夢
231911,id-606,8,B4heeyem,Pokémon Crrvello
227939,id-235,,圖圖,畫畫寶可夢
231045,id-520,,ハトーボー,のばとケモン
239122,rec-591-dup-0,8,Amoonguss,Pokémon Fungo
234336,id-849,3,스트린더,펑크포켓몬
234335,id-849,1,ストリンダー,パンクポケモン
226265,id-83,,Kamiriegi,
229500,id-377,,레지락,바위k산포켓몬
235798,rec-503-dup-1,,Samurot,Pokémon Majestuoso
238961,rec-803-dup-0,11,ベベム,どくばりポケン
231082,id-523,9,Zebxtnka,Thunderbolt Pokérnon
238310,rec-150-dup-1,6,Mewtu,Genmutanten-Pokémon
238311,rec-150-dup-1,2,Mewtwo,
234670,id-882,7,Dracovsh,Pokémori Fósil
230363,id-455,8,Carniqvinw,Pokémon Insttivoro
237368,rec-448-dup-1,,路卡利,波導寶可夢
233255,id-741,1,オドリaドリ,ダンスポnケモン
227981,id-239,,Eleke,
231815,id-597,,テッシド,とげのみポケモン
226009,id-59,,ウインディ,
234073,id-822,11,アガラス,カラスポケモqン
231698,id-585,,Vivaodtaim,Pokémon Saison
234279,id-843,6,Saianga,Sandschlan9em-Pokémon
230706,id-486,,レジギス,きょだいポケモン
231566,id-572,3,치라,
228797,id-313,,電螢,螢火蟲寶可夢
234337,id-849,4,顫蠑,
239290,rec-714-dup-0,12,嗡蝠r,
231433,id-558,11,,
233412,id-756,,Shiintic,Illuminating Pokémon
231172,id-532,,Timbrr,Muscular Pokémon
232411,id-656,8,Froakie,Pokémon Schiumorana
232413,id-656,11,ケロマツ,あわがえるポケモン
230304,id-450,4,河馬獸,重量寶可夢
230303,id-450,3,하마돈,중량포켓몬
230300,id-449,12,沙河马,河马宝可梦
230309,id-450,9,Hippowdon,Heavyweight Pokémon
228527,id-288,,Vig0roth,Wild Monkey Pokémon
231912,id-606,9,Beyeeyfem,Cereloral Pokémon
238482,rec-27-dup-0,11,サンド,ねずみポケモン
226978,id-147,12,迷你龙,龙宝可梦
226970,id-147,3,미뇽,드래곤포켓몬
231169,id-532,6,Praktibalk,Muskel-Pokémon
228830,id-316,4,溶食,
234929,rec-824-dup-1,12,,幼虫t宝可梦
228829,id-316,3,,밥통포켓
229840,id-408,,Zugaidx,
234283,id-843,,スナbヘビ,すなへびポケモン
238400,rec-503-dup-0,8,Samvrotte,Pokémon Divnità
235977,rec-589-dup-0,,Escavalier,Cavalry Pockémon
228526,id-288,8,Vi9orpth,Pokém0n Indocile
232361,id-651,8,Quniilladin,Pokémon Spincoraaza
227089,id-158,1,ワニノコ,おおあごポケモン
238607,rec-894-dup-0,,レジエfレキ,エレクトロンポケモン
235387,rec-724-dup-0,,ジナイパー,やばねポケモン
236049,rec-97-dup-0,6,Hypmoq,Hypnse
231913,id-606,11,オーベkム,ブレインケモン
229992,id-421,,樱花儿ri,樱花宝可梦
239049,rec-141-dup-0,,カブトmプ,こうらポケモン
236581,rec-744-dup-0,7,Rockrudf,Pokémon Perrrito
226412,id-96,,Traumaoo,Hypnose
238301,rec-150-dup-1,5,Mewtw9,Poémon Génétique
238725,rec-431-dup-0,2,Nyarmar,
238726,rec-431-dup-0,1,ニャルマー,ねこかぶりポケモン
238729,rec-431-dup-0,7,Glameow,Pokémon Gastuto
230114,id-433,1,リーシャン,すずポケモン
230115,id-433,2,Lisyan,
231476,id-563,,데스니e칸,관포켓몬
229444,id-372,,Komorgu,
228800,id-313,7,Volbag,nPokémon Luciérnaga
238731,rec-431-dup-0,,ニャルマー,ねこかりポケモン
230767,id-492,,Sbamin,Pokémon Gratitude
236916,rec-214-dup-0,,ヘラクロス,１ぽんヅノポケモyン
231444,id-559,12,滑滑小n,蜕皮宝可
238290,rec-303-dup-0,11,クチト,
231499,id-565,6,Karip0a5,Urzeitkröten-P0kémon
230668,id-483,,Dial9a,Pokémon Temps
227091,id-158,,리아코r,큰턱포켓몬
228639,id-298,12,露力丽g,水珠宝可梦cl
227989,id-239,11,エレキッfド,でんポケモン
235123,rec-205-dup-0,,フォレト,みのむしポケモン
231080,id-523,7,Zebstrika,Pokémon Rayo
229517,id-378,9,Rceglice,Iceberg Pokmon
233608,id-776,5,Boufata,Pokémon Tortuw Boum
231873,id-602,11,シビシラス,でんきうおポケモン
238398,rec-503-dup-0,7,Samurott,Pokémon Majestuoso
226415,id-96,9,Drowz5e,Hypnosis Pokénon
226880,id-139,1,オムスター,うずまきポケモン
230503,id-468,5,Togekisys,Pokémon Célénration
236002,rec-85-dup-0,9,Dodrio,Triple Bird Pokémon
239380,rec-421-dup-0,,,벚꽃포켓몬
234175,id-833,,カムカメ,くいつポケモン
230983,id-513,11,,
231699,id-585,6,Ses0l<itz,Jahre5zeit
230585,id-475,11,エルレxnイド,やいばポpケモン
234533,id-868,,マホミmル,クリームポケモン
235995,rec-85-dup-0,7,Docrio,Pokémon Ave Tr'lple
234342,id-849,,Toxtr:city,Punk Pokémon
225789,id-39,11,プリン,ふうせんポケモン
225788,id-39,9,Jigglypuff,Balloon Pokémon
230829,id-498,6,Flounk,Feverferl<el
239232,rec-138-dup-0,,Omante,Spiral Pokémon
232362,id-651,9,Quilladkn,Spiny Armor P9kémon
229639,id-389,11,ドダイスt,たいりbくポケモン
229162,id-346,,Wuekie,Rankfüßer-Pokémon
228439,id-280,9,Ralts,Feeling Pokémon
234183,id-833,11,カムカメ,くいつきポケモン
234182,id-833,9,Chewtle,Snapping Pokémon
228437,id-280,7,Ralts,Pokémon Sensible
234705,id-886,1,ドンチ,せわやhくポケモン
226616,id-115,,ガルーラ6,おやこポケモン
230771,id-492,9,Sbaymim,Gratitxude Pokémon
233387,id-754,4,蘭螳花b,花鐮寶可r夢
226886,id-139,7,Oma55tar,Pokémin Espiral
231585,id-574,1,ゴチ,ぎょうしポモン
233450,id-760,7,Bewaer,Pokémon Braazo Fuerte
230359,id-455,,尖,捕蟲寶可夢
229421,id-370,1,ラブカス,ランデブーポケモン
229422,id-370,2,Lovecus,
229426,id-370,6,Liebiskus,Rendezvous
236921,rec-214-dup-0,,Scarhibo,Pokémon Unicorne
230152,id-436,6,Bronze|,Bronze-Pokéjon
228818,id-315,3,로젤x리아,가포켓몬
227220,id-169,,叉字蝠,
232955,id-711,,パンジン,かぼちゃポケモン
233943,id-809,11,,ナットポケrモン
229447,id-372,5,Draclhaus,Pokémon Enclurant
238358,rec-153-dup-0,,Baylfeef,Pokémon Foglia
231443,id-559,11,,だっぴポモン
226973,id-147,6,Dratin,Drachrn-Pokémon
232625,id-678,1,ニャニクス,よくせいポtケモン
231885,id-604,,シビルドンl,でんきうおポケモン
232954,id-710,,,南瓜宝可梦
231483,id-563,11,デスbカーン,かんおけポケxモン
232358,id-651,5,Boguérisse,Pokémon Épinarmure
232302,id-645,9,Lansorus,Abundance Pokémoln
235367,rec-831-dup-0,5,Moumouhtori,Pokémorn Mouton
235384,rec-724-dup-0,5,Archédouc,Pokéi'lion Plumeflèche
233405,id-756,,マシェkード,はっこうポケモン
229551,id-381,,ラティス,むげんポケモン
229991,id-421,11,チェリム,サクラポケモン
232348,id-650,5,Msrisson,Pokém0n Bogue
226577,id-111,,,Stachler-Pokémon
230301,id-450,,カiバルドン,じゅうりょうポケモン
227305,id-177,8,Nqtu,
227217,id-169,8,Crobaat,Pokémob Pipistrello
238283,rec-303-dup-0,,입치트,배반포몬
234467,id-862,4,堵攔f熊,停止寶m可夢
233772,id-792,9,Lunaja,Moone Pokémmon
230020,id-424,6,Abiiffel,Langschwwif
237104,rec-194-dup-0,,ウパーl,みずうおポケモン
238651,rec-518-dup-0,5,Mushwna,Po1<émon Rêveur
238360,rec-153-dup-0,2,Bayleaf,
231004,id-515,12,冷水猴,泼水宝可梦
233613,id-776,11,バクガメ0ス,ばくはつがuめポケモン
235232,rec-225-dup-0,12,信使鸟o,
228802,id-313,9,Volbeat,Firefly Pokémon
230831,id-498,8,Tepig,Pokémon Suinfuoco
230830,id-498,7,Tepig,Pokémon Cerdo Fuego
230833,id-498,11,ポカブ,ひぶたポケモン
234067,id-822,,藍鴉y,烏鴉寶可夢
230501,id-468,3,토게m키스,축복포켓몬m
226890,id-139,,多j刺石兽,漩涡宝可梦
231482,id-563,9,Cofagsrigus,Cofvin Pokémon
234977,rec-149-dup-1,,Dragriite,Dragon Pokémon
231766,id-592,3,탱그릴,부유포켓몬
231765,id-592,1,プルリル,ふゆうポケモン
234707,id-886,4,多龍,保姆可夢
239227,rec-662-dup-0,8,Fletchinder,Pokémon Sfavillante
239226,rec-662-dup-0,9,Fletchinder,Ember Pokémon
239223,rec-662-dup-0,6,Dartignis,Funkenregen-Pokémon
239221,rec-662-dup-0,7,Fletchinder,Pokémon Lumbre
229429,id-370,9,Luvdksc,Rendezvos Pokémon
237355,rec-568-dup-0,5,Miamiasme,Pokémon Sac Poubelle
237352,rec-568-dup-0,1,ヤブクロン,ゴミぶくろポケモン
237358,rec-568-dup-0,8,Trubbish,Pokémon Spazzatura
238658,rec-518-dup-0,7,Mushara,Pokémon Duermeyela
231909,id-606,,Megaln,Grips-Pokémon
225504,id-13,12,独角u,毛毛虫g宝可梦
238681,rec-196-dup-0,3,,태양포켓
230645,id-481,4,艾姆q利多,感情寶k可夢
225464,id-10,4,綠毛u蟲,
238742,rec-564-dup-0,,プロトーガ,
235724,rec-134-dup-1,,水伊布,吐泡宝d可梦
229165,id-346,,Cradinly,Barnacle Pokémon
234277,id-843,4,沙包蛇,沙蛇寶可夢
227792,id-221,12,,野猪宝梦
233935,id-809,1,メルメル,ナッzトポケモン
232962,id-711,9,Gourgeisg,Pumpkin  Pokémon
234669,id-882,,Pescrsgon,Fossil-Pokémon
229423,id-370,3,사랑동,랑데포켓몬
231591,id-574,8,Gothuta,Pokémon Fissosguardl
231479,id-563,,,Sarkophag-Pokémon
235273,rec-249-dup-0,8,Luia,Pokémon Immer5ione
239529,rec-181-dup-0,7,Ampharos,Pokémon Luz
230664,id-483,,,じかんポケモン
235390,rec-724-dup-0,12,狙射枭,箭羽宝梦
227215,id-169,,Iksbat,Fledermaus-P0kém9n
227925,id-234,1,オドシ,おおツノポケン
229748,id-399,,Bidoif,Plump Mouse Pokémon
227608,id-205,3,쏘,도롱이벌포켓몬
235135,rec-96-dup-1,7,Drow2e,Pokémon Hjpnosis
227756,id-218,8,Slugma,Pokémon Lava
227750,id-218,2,Magmag,
227751,id-218,3,마그마그,용암포켓몬
227753,id-218,5,Limagma,Pokémon Lave
226610,id-114,,Tangrla,Ranken-Pokémon
231703,id-585,,シキカ,きせつポケモン
234280,id-843,7,Silicobrva,
235658,rec-442-dup-1,8,Spiitohmb,Pokém0n Proibito
237362,rec-448-dup-1,7,,Pokérnon Aura
233407,id-756,,燈夜菇,發光寶可夢
230980,id-513,7,Pan5ear,Pokémon Ardiemte
234978,rec-149-dup-1,4,快龍,龍寶可夢
238659,rec-518-dup-0,,Mushanwa,Drowsing Pokémon
228180,id-257,,번치,맹화포켓몬
231539,id-569,6,Deponitox,Müllhalden-Pokémon
231538,id-569,5,Miasmax,Pokémon Dépotoir
232845,id-700,1,ニンフィア,むすびつきポケモン
235382,rec-724-dup-0,,모크나이퍼,화살깃포켓
231438,id-559,,Bagg'lguane,Pokémon Mue
226607,id-114,,,넝쿨포켓몬
234981,rec-368-dup-1,,Rosahysss,Pokémon Mer du Sud
233829,id-798,6,Katagami,Schwertkunst-Pokémon
233827,id-798,4,紙御劍,拔刀寶可夢
233826,id-798,3,종이신도,발도포켓몬
233825,id-798,1,カミツルギ,ばっとうポケモン
225783,id-39,,胖丁,
237028,rec-544-dup-1,11,ホイーガ,まゆムカデポケモン
230118,id-433,5,Korillom,Pokémon Cloxhette
232900,id-705,7,Sliggoco,Pokémon Mol8sco
238744,rec-564-dup-0,7,Tiyrtouga,Pokémoh Pretortuga
235499,rec-784-dup-0,7,Komno-o,Pokémoh scamas
237098,rec-88-dup-0,,Grimer,Sludge Pokénon
228633,id-298,,Azjril,Pokémon Point Polka
231428,id-558,5,Crabariraque,Pokémori Lapidicole
232651,id-680,,Doubacle,Pokémon Armabianca
229894,id-413,1,ミノマダiム,みのむしrポケモン
234184,id-833,12,咬咬h龟,咬住宝可梦m
229973,id-420,3,체리,찌포켓몬
238009,rec-438-dup-0,,Mobi,Bonsai-Pokémon
232253,id-640,11,ビリジオン,そうげんポケモン
232250,id-640,7,Virizion,Pokémon Prado
234365,id-852,1,,だだっこポケモ0ン
239520,rec-37-dup-0,12,,狐狸宝梦
239527,rec-181-dup-0,,전,라이트포켓몬
232019,id-617,6,Hydra9il,Entschalun9s-Pokémon
233614,id-776,12,爆焰龟兽,爆炸龟宝可梦
229546,id-381,5,Latios,Pokémon Éon
229545,id-381,4,拉帝歐斯,無限寶可夢
229899,id-413,6,Burmadame,Beutelwurm
239113,rec-546-dup-0,7,Cottonee,Pokémon Bolalgodón
239112,rec-546-dup-0,9,Cottonee,Cotton Puff Pokémon
239118,rec-591-dup-0,9,Amoonguss,Mushroom Pokémon
234341,id-849,8,Toxtricity,Pokémon Punk
234972,rec-149-dup-1,,Kary,
235400,rec-166-dup-0,,Reding,
235254,rec-395-dup-0,,帝王,皇帝宝可梦
226200,id-77,,,불의말포켓몬
233201,id-735,,Gumshlous,Pokémon Sorveglianza
232795,id-695,,エレザド,はつでんポケモン
231536,id-569,,더스트나,
229513,id-378,5,Regicue,Pokémon Icrberg
232898,id-705,5,Colimucups,Pokémon Mollus9ue
226611,id-114,7,Tange1a,Pokémnn Enredadera
233375,id-753,,カリキ,かまくさポケモン
231711,id-586,,Sawsbuck,P0kémon Stagione
234064,id-821,12,稚山雀h,小鸟宝可梦r
239517,rec-37-dup-0,8,Vulp0x,PokémonVolpe
227612,id-205,,,Pokémon Larva
225782,id-39,,푸,풍선포켓몬
237943,rec-126-dup-0,6,Magiar,Brenmer-Pokémon
226198,id-77,1,ポニータ,ひのうまポケモン
227941,id-235,,,Maler
229160,id-346,,搖籃百合,藤壺寶可
232895,id-705,1,ヌメイルoz,なんたいポケjモン
230119,id-433,6,Klongplim,Glöckchent
232854,id-700,12,仙子伊i布,连结宝可
235801,rec-503-dup-1,11,ダイケン,かんろポケモン
233791,id-794,8,Buzzwole,Pokémon Gonfiacorpo
233794,id-794,12,爆肌蚊,膨胀宝可梦
239303,rec-382-dup-1,1,カイオーガ,かいていポケモン
239304,rec-382-dup-1,11,カイオーガ,かいていポケモン
239307,rec-121-dup-0,6,Starmie,Mysteriös-Pokémon
239308,rec-121-dup-0,2,Starmie,
231151,id-530,8,Excadrill,Pokémon Sottoterra
235519,rec-614-dup-1,,凍原,凍結寶可夢
226623,id-115,8,Kanga5khan,Pokémon Genitorr
225426,id-6,11,リザドン,かえんポケモtン
238939,rec-641-dup-0,,토네로스,선풍포v켓몬
232410,id-656,7,Froakiw,Pokémon Burbvrrana
238940,rec-641-dup-0,4,龍捲雲,旋風寶可夢
238943,rec-641-dup-0,9,Tornadus,Cyclone Pokémon
232407,id-656,4,呱呱h泡蛙,泡蛙寶夢
225780,id-39,,プリw,ふうせんポケモン
227596,id-204,,Kuugidsma,
239346,rec-241-dup-0,6,Miltank,Milchkuh-Pokémon
239340,rec-241-dup-0,4,大奶罐,乳牛寶可夢
230576,id-475,1,エルレイ,やいばポモン
234665,id-882,,ウオノラゴvvン,かせきポケモン
230990,id-514,7,Sirnosear,Polcémon Lumbre
238401,rec-503-dup-0,11,ダイケンキ,かんろくポケモン
238002,rec-438-dup-0,,Usohsxhi,
238406,rec-503-dup-0,5,Clamiral,Pokémon Dignitaire
236439,rec-281-dup-0,,キルリア,かんじょうポモン
229516,id-378,8,Reg8c,Pokémoh Iceberg
235497,rec-784-dup-0,5,Ékaïs4r,Pokém0n Écailles
236701,rec-778-dup-1,4,謎,畫皮寶可
234142,id-829,9,Gossifslexur,Floweting Pokémon
226972,id-147,5,Minidrwco,Pokémon Dra9on
237757,rec-32-dup-0,5,Nidpran♂,Po1<émon Vénépic
234534,id-868,12,小仙奶,鲜奶油宝可梦
234530,id-868,7,Milcery,Pokémon Nata
234532,id-868,9,Milcery,Cream Pokémon
235115,rec-852-dup-0,,때때무w노,떼쟁이포켓몬
233839,id-799,,Schlim9king,Gaumenfolter-Pokémon
238001,rec-438-dup-0,,Bonsly,Pol<émon Bonsái
233983,id-813,,ヒバニ,うさぎポケモン
237106,rec-194-dup-0,,Wotoper,Pokémon Pez Agua
231439,id-559,,Zurrokex,Hautwechsel-Pokéiiion
229782,id-402,,コロトック,こおろぎポモン
231541,id-569,8,Garbodoe,Pokémon Disdarica
234162,id-831,9,Woploo,Sheeo Pokémon
236349,rec-219-dup-0,,Magcargo,Pokémon Lavw
238772,rec-118-dup-1,11,トサキント,きんぎょポケモン
238771,rec-118-dup-1,12,角金鱼,金鱼宝可梦
238776,rec-118-dup-1,8,Goldeen,Pokémon Pescerosso
229633,id-389,,土台k,大陸寶可夢
238960,rec-803-dup-0,9,Poiole,Poisoj Pin Pokémon
228614,id-296,,Makihitja,Pokémon Coraggio
232628,id-678,5,Misrigrix,Pokémon SelfC0ntrôle
227298,id-177,,ネテ,ことりポケモン
239302,rec-382-dup-1,,Kyogwnre,
226971,id-147,,迷你,龍寶可夢
228831,id-316,,Glou0ti,Pokémon Estomac
238476,rec-27-dup-0,6,Sajndan,Maus-P0kémon
238164,rec-401-dup-0,,Krikegot,Pokémon Grillo
236915,rec-214-dup-0,12,赫拉克罗f斯,
229443,id-372,1,,にんたいポケモ
236924,rec-214-dup-0,11,ヘラgクロス,
239515,rec-37-dup-0,,Rokorj,
237457,rec-292-dup-0,9,Shedtirija,Shed Pokém0n
234470,id-862,7,Obstagoon,Pokémon Bloqueador
234473,id-862,11,タチフサグマ,ていしポケモン
234472,id-862,9,Obstagoon,Blocking Pokémon
239108,rec-546-dup-0,,木棉z球,棉球宝可梦
228634,id-298,6,Azurill,Gepunktet-Pokémon
227304,id-177,7,Naty,
233769,id-792,,Lubal,Mondscheiben-Pokémon
228798,id-313,5,Mucille,Pol<émon Luciole
225785,id-39,,Pummelhufr,Ballon-Pokémon
225427,id-6,,喷火龙,
238767,rec-118-dup-1,,Godeen,Pokémon Pez Color
237109,rec-194-dup-0,12,乌波,水鱼宝可梦
233937,id-809,,美錄梅,螺帽寶可夢
238735,rec-564-dup-0,,原蓋海龜v,古代龜寶可夢
235522,rec-614-dup-1,5,Polagriffe,Pokémon Congelé
235526,rec-614-dup-1,12,冻原熊,冻结宝可梦
230156,id-436,11,ドーミラqー,せい2どうポケモン
238305,rec-150-dup-1,4,超,
229508,id-377,,雷吉洛克,岩山宝s可梦
237365,rec-448-dup-1,,ルカリ,はどうポケモン
229427,id-370,7,Luvddic,Pokémonf Cita
225425,id-6,9,Charizaed,Flame P0kémon
227615,id-205,11,フォレwトス,
227990,id-239,12,电击怪,电气宝可梦
231818,id-597,5,Grindur,Pokémon Graine Épine
235457,rec-636-dup-1,,メラgルバ,たいまつポケモン
231819,id-597,6,Kastadur,Dornfrucht-Pokémon
232022,id-617,9,Accelgo5,Shell Ovt Ppkémon
236841,rec-316-dup-1,3,꼴깍몬,밥통포켓몬
232258,id-641,5,Borésgs,Pokémon Tornrade
235404,rec-67-dup-0,,ゴーリキー,かいりきポiケモン
233539,id-769,,Sakabuh,Sandhaufen-Pokémon
237762,rec-32-dup-0,12,尼多朗,毒针宝可梦
237765,rec-32-dup-0,11,ニドラン♂,どくばりポケモン
237766,rec-32-dup-0,3,니드런♂,독침포켓몬
235776,rec-738-dup-1,7,Viavoot,Pokémon Ezcarabajo
235401,rec-166-dup-0,11,レディアン,いつつぼしポケモン
235406,rec-67-dup-0,2,Goriky,
235405,rec-67-dup-0,9,Machoke,Superpower Pokémon
235409,rec-67-dup-0,1,ゴーリキー,かいりきポケモン
234711,id-886,,Drak1oak,Pokémon Sostegno
230505,id-468,7,,Pokémon Fetstejo
237011,rec-872-dup-0,8,Sno,Pokémon Bac0
229632,id-389,3,토대부r기,
237877,rec-496-dup-0,,ジャノビー,くさdへびポケモン
230157,id-436,,铜镜z怪,青铜宝可梦
235774,rec-738-dup-1,8,Vimavolt,Pokémon Cerv0lante
237655,rec-253-dup-0,,Rep6ain,Waldgecko-Pokémon
232168,id-632,5,Fermllte,Pokém0n Fourmi Dure
230292,id-449,3,히포포타,하마포
239381,rec-421-dup-0,,Cerfifl9r,Pokémon Floraison
237353,rec-568-dup-0,3,깨봉,
233544,id-769,12,沙丘娃l,沙丘n宝可梦
229981,id-420,,樱花g宝,樱桃宝可梦
229161,id-346,,Vacijys,Pokémon Bernacle
229166,id-346,,ユレイドル,いわつぼポケモンl
228534,id-289,5,Monafièmit,Pokémon Fainéarit
235722,rec-134-dup-1,,Showere,
237653,rec-253-dup-0,7,Grovye,Pokémon Geco Bos4ue
233505,id-766,1,ナゲツケサル,れんけいポケモン
233509,id-766,6,Quartermak,Teamwork-Pokémon
238284,rec-303-dup-0,,Kbucheat,
226587,id-112,5,Rhinofér05,Pokémon Perxeur
239349,rec-241-dup-0,1,ミルsタンク,ちちうしケモン
232632,id-678,9,Meowstlc,Constraient Pokémon
234278,id-843,5,Dunala,Pokéjon Serpensable
229901,id-413,8,Wormaclak,Pokémoj Larva
237459,rec-292-dup-0,,ヌケン,ぬけがらポケモン
225420,id-6,,噴火龍,火焰寶夢
232560,id-671,,Florges,Pokémon Jarrín
229897,id-413,,結草n貴婦,蓑衣蟲寶可夢
226617,id-115,,Garir,
231594,id-574,,哥德宝宝,凝视宝可
239224,rec-662-dup-0,,ヒノコマ,ひのこポケモン
238354,rec-153-dup-0,,月葉,葉子寶可夢
227945,id-235,,ドール,えかきポケモン
227232,id-171,1,ランタwーン,lライトポケモン
238717,rec-679-dup-0,4,獨劍鞘w,刀劍寶夢
234161,id-831,,Woolo9,Pokémon Pecora
233262,id-741,,Orico4i3o,Dancing Pokémon
228179,id-257,2,Bursyamo,
233638,id-779,5,Dent'lcrisse,Pokém0n Grincedejt
231050,id-520,7,Tranquill,Pokémon Torcaz
231052,id-520,9,Tranquill,Wild Pigeon Pokémon
231054,id-520,12,咕咕鸽,野鸽宝可梦
239296,rec-382-dup-1,8,Kyoge,Pokérnwon Oceano
232904,id-705,12,黏美儿ri,软体生物宝可梦g
235120,rec-205-dup-0,8,Forretreas,Pokéiiipn Larva
229872,id-411,1,トリプス,シールドポsケモン
238674,rec-196-dup-0,,Meenta1i,Pokémon Soleil
230863,id-501,11,ミジュマル,ラッコポケモン
233984,id-813,12,炎兔儿,兔子宝可梦
233980,id-813,7,Scorbunny,Pokémon Conejo
230644,id-481,,엠트,감정포켓몬
228185,id-257,8,Blaiken,Pokémon Vampee
229842,id-408,4,頭蓋龍,頭錘寶可夢
229847,id-408,9,Cranidos,Head Butt Pokémon
229845,id-408,7,Cranidos,Pokémon Cabezazo
237096,rec-88-dup-0,,臭泥,污泥寶可e夢
228631,id-298,3,루리u,물방울포켓몬s
230123,id-433,11,リーシrャン,すずケモン
232299,id-645,6,Demeter9x,Reichtum5-Pokémon
231165,id-532,1,ドッコvvラー,きんこつケモン
238005,rec-438-dup-0,1,ウソチ,ぼんさポケモン
239375,rec-421-dup-0,11,チェリwムu,サクqラポケモン
225523,id-15,8,Beeclrilk,Pokémon Velejape
227752,id-218,4,熔岩,熔岩寶夢
225461,id-10,,キャタピーh,いもむしポケモン
227099,id-158,,小锯,大颚宝可梦
230773,id-492,12,谢l米,感谢宝可梦f
226268,id-83,5,Canartiho,Pokémon Canaed Fou
233538,id-769,,Bacab0uh,Pokémon Pâtéd’Sable
226988,id-148,,ハクリmュー,ドラゴンポケモン
235119,rec-205-dup-0,,Forels,
228826,id-315,12,毒蔷薇f,荆棘宝可
229979,id-420,9,,Cherry Pokénon
237351,rec-568-dup-0,6,Unratüox,Mülltüt4n-Pokémon
226202,id-77,5,Poriyya,Pokémon Chrval Feu
228904,id-323,,バクuーcダ,ふんかポケモン
229841,id-408,3,두개도,박치기포켓i
230844,id-499,12,,火猪宝可梦c
232901,id-705,,Sliggoo,okémon Mollusco
230362,id-455,,Carnivime,Pokémon Caza Bichos
238733,rec-431-dup-0,4,魅力喵,裝乖寶可夢
229692,id-394,8,Prinplup,Pokémon Pinguino
238739,rec-564-dup-0,1,プロトーガ,こだいがめポケモン
232357,id-651,,,刺鎧寶可夢
229750,id-399,12,大牙,圆鼠宝可
234974,rec-149-dup-1,5,Dracolissxe,P0kémon Dragon
229549,id-381,,,Pokémon Eone
239239,rec-138-dup-0,7,Omanyje,Pokémon Espirao
234072,id-822,9,Corgxisquire,Raven Pokémoj
235982,rec-589-dup-0,8,,Pokémon Cavallere
233639,id-779,,Knjirfish,Knirschzahn
239119,rec-591-dup-0,12,败露球菇,蘑菇宝可梦
232301,id-645,8,Lajforus,Pokémon Fertilitzà
232317,id-647,4,凱路迪歐q,幼馬寶可夢j
230581,id-475,6,Galafgladi,Kling3n-Pokémon
232322,id-647,9,Keldeo,Colt Pokémon
232324,id-647,12,凯路迪欧,幼马宝可梦
226609,id-114,5,Saquedeneu,Pokémon Vigne
227236,id-171,5,,Pokémon umière
234581,id-873,8,Frosmoth,Pokémon Gelofalena
234580,id-873,7,Frosmoth,Pokémon Polillahielo
238479,rec-27-dup-0,,Sans,
233256,id-741,,춤추새x,댄스포켓몬
239115,rec-591-dup-0,5,Gau1et,Pokémon Cgampign0n
234058,id-821,5,Minisange,Pokémon Minoiseau
234055,id-821,1,ココガラ,ことりポケモン
228523,id-288,5,Vigoroth,Pokémon Turbusinge
228521,id-288,3,발바로,성난원숭이포켓몬
228524,id-288,6,Muntier,Wildaffe
232896,id-705,,미끄네v,연체포켓몬
232956,id-711,3,펌킨,호박포u켓몬
230133,id-434,,Stjnk,Skunk Pokémon
236348,rec-219-dup-0,8,Magcargo,Pokémon Lava
236345,rec-219-dup-0,3,마그카르고,용암포켓몬
236346,rec-219-dup-0,9,Magcargo,Lava Pokémon
236386,rec-341-dup-0,1,ヘイニ,
232107,id-626,,爆炸頭水,頭錘牛寶可夢
234979,rec-149-dup-1,7,Drag0nite,Pokénon Dragón
231768,id-592,5,Visksew,Pokémon Fl0ttaison
225522,id-15,7,Beederill,Pokémon Aneja Veneno
239233,rec-138-dup-0,6,Amojitas,Spiralen-Plkémon
225699,id-31,8,Nidoqsueen,PokémonTrapano
239284,rec-169-dup-1,,크로l뱃,박쥐포켓몬
226620,id-115,,Kangoytrex,Pokémon Maternel
235981,rec-589-dup-0,7,Escava|ier,Pokémln Sboldado
232261,id-641,8,Torndus,Pokmon Turbinio
227595,id-204,1,クヌギマ,みのむしポケsモン
237942,rec-126-dup-0,8,Mahmar,Pokémpn Sputafuoco
226608,id-114,,蔓藤怪,藤蔓狀寶可n夢
227210,id-169,1,クロバト,こうもりnポケモン
225826,id-43,3,뚜벅쵸,잡초포켓몬
225520,id-15,,Dardargqan,Pokémon Guêpoison
231886,id-604,3,저리더프,전기물고기포켓몬
238753,rec-331-dup-1,8,Cacme,Pokémon Cactu5
232899,id-705,6,Viscafgot,Schneckedek-P0kémon
239293,rec-714-dup-0,,オンバットc,おんぱポケモン
231710,id-586,7,Sawsbuck,Pokémon Estacional
235111,rec-852-dup-0,12,拳拳蛸1<,缠人宝梦
239279,rec-169-dup-1,9,Crobat,Bat Pokémon
239275,rec-169-dup-1,8,Crobat,Pokémon Pipistrello
235458,rec-636-dup-1,,Ivnivr,Fackel-Pokémon
235716,rec-134-dup-1,5,Aquali,Pokémon Bulleur
235718,rec-134-dup-1,3,샤미드,거품뿜기포켓몬
235257,rec-395-dup-0,,엠페르,황제포켓몬
237366,rec-448-dup-1,,路卡利欧,波导宝梦
237364,rec-448-dup-1,,Lucari,Pokémon Aura
234582,id-873,,Frosiiioth,Frost Moth Pokémon
236003,rec-85-dup-0,,Dosrio,
233040,id-719,7,Dizncie,Pokémon Jiya
234474,id-862,12,堵拦熊p,停止宝可梦p
234984,rec-368-dup-1,6,Saganbys,Südses
238027,rec-195-dup-0,7,Qua9sire,Pokémon Pe Agua
235399,rec-166-dup-0,,安瓢虫,五星宝l可梦
227235,id-171,4,電燈怪,燈寶可夢
227234,id-171,3,랜턴,라이트포켓몬
227233,id-171,2,Lantern,
227238,id-171,7,Lanturn,Pokémon Luz
233982,id-813,9,Scorbuny,Rabbi Pokémon
228610,id-296,,,毅力寶可夢
238525,rec-443-dup-1,9,Gibe,Land Shark Pokénon
228816,id-315,,ロゼリア,いばらポモン
231244,id-539,,打击鬼0,空手道宝可梦
239285,rec-714-dup-0,5,Soni5trelle,Pokémon Onucles
228803,id-313,11,,ほたるポケwモン
232255,id-641,1,トルネロ,せんぷうポモン
239532,rec-181-dup-0,,デンリュウ,ライポケモン
226270,id-83,7,Farfetch’d,Pokémon Pato Salvaje
226273,id-83,11,カモネギ,かるがもポケモン
234157,id-831,4,毛辮羊,綿羊寶可夢
232558,id-671,,vFlorges,Pokémon Jardin
234158,id-831,5,Moumouton,Pokémon Mouton
231170,id-532,,Timbu5r,Pokémon Musculoso
230296,id-449,,Hippopotas,Pokémri Hipo
233196,id-735,3,형사구l스,잠복포켓np몬
231822,id-597,9,Ferrose,Thorn Seed okémon
235461,rec-636-dup-1,,활화르바h,횃불포켓몬
234302,id-845,,Cramorait,Gulp Pokémon
232951,id-710,,hyPumpkaboo,Pokémon Zucca
229985,id-421,,櫻花兒w,櫻花寶可夢
226199,id-77,,,
239204,rec-29-dup-1,6,,Giftdorn-Pomémon
237467,rec-292-dup-0,3,껍질몬,허물포켓몬
237460,rec-292-dup-0,4,脫殼忍者,空殼寶可夢
229550,id-381,9,Latiow,E0n Pokémon
225525,id-15,11,スピアe,どくばちポkケモン
231079,id-523,,Zebritz,Donmerkeil
231570,id-572,7,Minccin0,Pokémon  Chinchilla
233413,id-756,11,マシェード,はっこうポケモン
230764,id-492,,Shayiiiiri,
227611,id-205,,Forstellka,Beutelwuvrm
235975,rec-589-dup-0,,Cavajanzas,Kavallerie-Pokémon
231871,id-602,,Tymsmo,Pokémon Elettropesce
232166,id-632,3,아이앤트,철개미포켓몬
231478,id-563,5,Tutan1<afere,Pokénon Cercueil
230995,id-515,1,ヒヤップ,みずかけポケモン
230992,id-514,9,Simisear,Ember Pokémon
230991,id-514,8,Simisear,Pokémon Sfavillante
230998,id-515,5,Flotajou,Pokémon Jet d’Eau
230999,id-515,6,Sodamak,Wasserstrahl
231705,id-586,,メブキ,きせつポケモン
239110,rec-546-dup-0,11,モンgメ,わたたまポモン
239228,rec-662-dup-0,4,,火花寶可夢p
236837,rec-316-dup-1,11,ゴクン,いぶくろポケン
227600,id-204,6,Tnjza,Beutejwurm
227944,id-235,9,Smeargb|e,Painte Pokémon
234576,id-873,,,얼음나방포켓몬
229972,id-420,,Cheritbbo,
239347,rec-241-dup-0,,밀탱크,
234284,id-843,,沙包蛇,沙蛇v宝可梦
227606,id-205,1,フォレトス,みのむしポケモン
227604,id-204,11,クヌギダマ,みのむしポケモン
227605,id-204,12,榛果球,蓑衣虫宝可梦
232853,id-700,11,ニンフhィア,むすびつきポkケモン
235370,rec-831-dup-0,,Wolly,Schaf-Pokénon
225519,id-15,4,大針蜂,毒蜂寶可夢
230015,id-424,,エテボーjス,おながポケモン
225516,id-15,1,スピアー,どくばちポケモン
230356,id-455,1,マスキ,むしとりポケモンw
232208,id-636,5,Pyronille,Pokémon Torche
232705,id-686,,マーーカ,かいてんポケモン
230346,id-454,,Dok75og,
225700,id-31,9,Nidqueen,Drilzl Pokémon
229512,id-378,4,雷吉艾斯,冰山寶可夢
229519,id-378,12,雷吉艾斯,冰山宝可梦
233541,id-769,8,,Pokém0n Montesabbia
237650,rec-253-dup-0,9,Grovyle,Wood Gecko Pokémon
237652,rec-253-dup-0,2,Juptile,
232708,id-686,,,Pokémon Rotation
231153,id-530,11,ドリウズ,ていポケモン
234056,id-821,3,파라꼬j,아기새포d켓몬
232648,id-680,5,Dim0clès,Pokéiiion Glqive
238963,rec-803-dup-0,12,毒贝比d,毒针宝梦
229904,id-413,12,结草贵x妇,蓑虫宝可梦h
234706,id-886,,드래런치,돌보미c포q켓몬
231905,id-606,1,,ブレイポケモン
228910,id-323,7,Camerup,Plkémon Erupción
238364,rec-153-dup-0,5,Maceonium,
230021,id-424,7,Ambipok,Pokémon Cola Laerga
233453,id-760,11,キテル,ごわんポケモン
235518,rec-614-dup-1,7,Beartic,Pokémon Glaciación
228525,id-288,7,Vigorot,Pokémon Mono Feeroz
239519,rec-37-dup-0,1,ロコンm,きつねケモン
235974,rec-589-dup-0,,骑士牛,骑兵宝可梦
229637,id-389,8,T0rterra,Poémon Continente
239292,rec-714-dup-0,9,Noil>at,Sound Wave Pok émon
234710,id-886,,,Pokémon Cuidador
228431,id-280,,ラルス,きもちポケモン
225496,id-13,3,뿔충이,송충이포켓몬
225499,id-13,6,Hornliu,Raupe
225498,id-13,5,Aspicot,Pokémon Insectopic
238938,rec-641-dup-0,6,,Wirbelstirm-Pokémon
231239,id-539,6,Kardonjs,Karat3-Pokémon
230361,id-455,6,Venuflibis,Käfertod
230360,id-455,5,Vortente,Pokémon Chopinsecte
231182,id-533,9,Gurdurr,Muscular Pokémon
231181,id-533,8,Gurdurr,Pokémon Forzaimmane
231184,id-533,12,铁骨土人,筋骨宝可梦
233402,id-755,9,Moreiul,Illuminating Pokémo
230580,id-475,5,Gallame,Pokémon Lame
239280,rec-169-dup-1,4,叉字,蝙蝠寶夢
234295,id-845,1,ウッウ,うのみポケモン
234297,id-845,4,古月鳥,一口吞寶可夢
234296,id-845,3,윽우지,그대로삼키기포켓몬
235247,rec-395-dup-0,11,エンペト,こうていポケン
237752,rec-574-dup-1,11,ゴチム,ぎょうしポケモン
237756,rec-574-dup-1,8,Gothita,Pokémon Fissosguardo
237758,rec-32-dup-0,9,Nidoran♂,Poison Pin Pokémon
235459,rec-636-dup-1,12,燃烧虫,火炬宝可梦
239382,rec-421-dup-0,,Cherrim,Pokémon B0cciolo
230150,id-436,4,,青銅寶夢
235980,rec-589-dup-0,5,Lançargot,Pokémon Chevalier
233840,id-799,,Guezzlord,Pokémon Tragaldabas
226884,id-139,5,,Pokém0n Spirale
225784,id-39,5,Rondoud0u,Pokéjon Bouboule
231477,id-563,,死神棺,棺木寶可夢z
234344,id-849,,颤弦蝾,庞克宝可梦
226054,id-63,12,凯,念宝可梦
227214,id-169,5,Nos5enfer,Pokémin Chovsouris
227602,id-204,,Pineco,Pokémn Larva
232847,id-700,,仙子y伊布,連結寶可夢
239301,rec-382-dup-1,,,海底宝可梦
226047,id-63,4,凱c,念力寶可w夢
239237,rec-138-dup-0,,암나w이,소용돌이포켓몬
226614,id-114,,モンジャラ,ツルじょうポモン
238745,rec-331-dup-1,,刺球仙人掌,仙人掌寶可
230132,id-434,,Stunky,Pol<émon Moffetta
234281,id-843,8,Silicobta,Pokémon Sabbiasyerpe
233259,id-741,6,Choreogel,Tanz
233257,id-741,4,花舞鳥,舞蹈寶可夢
231891,id-604,8,Eelektrows,Pokémon Eiet5ropesce
226579,id-111,8,Rhyhjrn,Pokémpn Punzoni
234708,id-886,5,Dispareptil,Pokémon Baby-sitter
230285,id-448,7,Lucario,Pokémon Aura
230282,id-448,4,路卡利歐,波導寶可夢
230016,id-424,,Etel>oth,
236392,rec-341-dup-0,8,Corphyish,Pokémon B'lrbobe
230130,id-434,6,Skunkapuh,Stinktier-Pokémon
239225,rec-662-dup-0,3,불화살빈i,불티포b켓몬
229971,id-420,1,チェリンボ,さくらんぼポケモン
229978,id-420,8,Cherubi,Pokémon Ciliegia
228088,id-248,11,バンギラス,よろいポケモン
228087,id-248,9,Tyranitar,Armor Pokémon
228086,id-248,8,Tyranitar,Pokémon Armatura
228081,id-248,3,마기라스,갑옷포켓몬
228083,id-248,5,Tyranocif,Pokémon Armure
236350,rec-219-dup-0,12,熔岩蜗牛o,熔岩宝梦
232213,id-636,11,メラル0バ,たいまつポtケモン
236390,rec-341-dup-0,6,Krebscorps,Grobian-Pokémon
236391,rec-341-dup-0,3,가재군,건달포켓몬
236394,rec-341-dup-0,5,Écrapince,Pokémon Brute
236395,rec-341-dup-0,4,龍蝦小兵,無賴寶可夢
227788,id-221,7,Piloswaoine,
230861,id-501,8,Oshswott,Pokémon L9ntra
231000,id-515,,Panp0ur,Pokémon Salpicadura
237763,rec-32-dup-0,7,Nicloran♂,Pokémori Pin Veneno
229501,id-377,4,雷吉,岩山寶夢
239511,rec-37-dup-0,,Gouqpjx,Pokémon Renard
231537,id-569,,灰塵山i,垃圾場寶可夢
227308,id-177,12,天然雀,小鸟宝可梦
231906,id-606,,벰크n,브레인포켓몬
229773,id-402,,コロトック,こおろぎポgケモン
228089,id-248,12,,铠甲宝可梦w
239111,rec-546-dup-0,3,소미,솜뭉치포i켓몬
239116,rec-591-dup-0,3,뽀록,버섯포a켓몬
232114,id-626,,爆炸头水牛g,头锤牛宝可梦
229640,id-389,12,土台龟,大陆宝可梦
227754,id-218,6,Schnwcmmag,Lavz
227599,id-204,,Pomdepik,Pokémon Ver Cqché
231857,id-601,4,齒輪怪,齒輪寶可夢
237102,rec-88-dup-0,6,Slegima,Schlzmm
230079,id-429,11,ムウマージ,マジカルポケモン
230076,id-429,7,Mismagius,Pokémon Mágico
238519,rec-443-dup-1,5,Griknot,Pokémon Terrequin
225466,id-10,6,Raupu,Wurm-Pokémln
238515,rec-443-dup-1,4,圓陸鯊,陸鯊寶可夢
228912,id-323,,Camerupt,Eruption Pokémom
234973,rec-149-dup-1,8,D5agonfite,Pokém0n Drago
238768,rec-118-dup-1,1,トサキト,きんぎょポケモン5
233844,id-799,,恶食大王r,异食宝可梦
236053,rec-97-dup-0,12,引梦貘e人,
234527,id-868,4,小仙,鮮奶油寶可
225421,id-6,5,Dracsureu,Pokémon Flanme
234976,rec-149-dup-1,1,カイリュー,ドラゴンポケモン
225419,id-6,3,리자몽,화염포켓몬
225417,id-6,1,リザードン,かえんポケモン
232254,id-640,,毕力吉翁,草原宝可f梦
230500,id-468,2,Togekiss,
230506,id-468,8,Togekiss,Pokémon Festa
230508,id-468,11,トゲキッス,しゅくふくポケモン
230642,id-481,1,エムリト,
231242,id-539,9,Sawa,Karste Pokémon
231779,id-593,6,Apowualoyp,Gleit-Pokéjon
233389,id-754,6,Manticles,Blumensichel-Polcémon
230579,id-475,,艾路雷,利刃寶可夢
231783,id-593,11,,ふゆポケモン
235125,rec-205-dup-0,,Forretres5,Pokémon Larva
231051,id-520,,Tranqil1,Pokémon Granpiccione
235523,rec-614-dup-1,3,툰베,동결포몬
235114,rec-852-dup-0,,タッコ,だだっこポケモン
231771,id-592,,Frilkish,Pokémon Fluttuante
233540,id-769,7,Sandygaat,Pokémon Montearema
239373,rec-421-dup-0,,Cherrim,Pokéjon Floración
237656,rec-253-dup-0,8,Grovvle,Pokémon Lsgnogeco
234276,id-843,,모래뱀,모래뱀포몬
235252,rec-395-dup-0,2,Emperte,
235256,rec-395-dup-0,5,Pingoléon,Pokémon Empereur
237097,rec-88-dup-0,,Bethter,
237461,rec-292-dup-0,11,ヌケニxン,ぬけがらポモン
237107,rec-194-dup-0,1,ウパ,みずうおポケモxン
228615,id-296,9,Makjhita,Guts fPokémon
237025,rec-544-dup-1,,Roljum,Kokonfüßer-Pokémon
225468,id-10,8,Caterpie,Pokémon Baco
225469,id-10,9,Caterpie,Worm Pokémon
238031,rec-195-dup-0,5,Maraiste,Pokémon Poisson
229846,id-408,,C4anidos,Pokémon Cranioso
235397,rec-166-dup-0,8,Ledlan,Pokémon Peritastra
235663,rec-442-dup-1,12,花岩怪,封印宝可梦
235661,rec-442-dup-1,5,Spiritomb,Pokémon Interdit
235660,rec-442-dup-1,7,Spiritomb,Pokémon Prohibido
237354,rec-568-dup-0,,ヤブクロン,ゴミぶiくろポケモン
232652,id-680,,,Sword Pokémon
229503,id-377,6,Regieock,Steingipfej-Pokémon
234071,id-822,,Corvisquire,Pokémon Corvov
229839,id-408,1,ズガイドスg,ずつきケモン
235682,rec-889-dup-0,,자마타,강자포켓몬
230707,id-486,,雷奇卡斯,巨大宝可梦
228638,id-298,11,ルリ,みずたまポケモqン
231177,id-533,4,鐵骨0土人,筋骨寶可
235768,rec-738-dup-1,,투구뿌논k,뿔집게포켓몬
230864,id-501,12,水水獭y,海獭宝可p梦
235771,rec-738-dup-1,12,农炮虫,锹形虫宝梦
231892,id-604,,Eelektroas,EleFish Pokémon
235269,rec-249-dup-0,,,
229687,id-394,,팽태vv자,펭귄포켓몬
238944,rec-641-dup-0,,龙卷云,旋风宝可
228823,id-315,8,Roselia,Pokémon Spina
228822,id-315,7,Roselia,Pokémon Espina
228827,id-316,1,ゴクリン,いぶくろポケモン
228828,id-316,2,Gokulin,
231859,id-601,6,Klikdilak,Getriebe-Pokém0n
239514,rec-37-dup-0,,ロコ,きつねポケモン
233936,id-809,3,멜메탈f,너트포켓
239343,rec-241-dup-0,,Miltan1<,Milk Cow Pokémon
231707,id-586,4,萌,季節寶可夢y
235109,rec-852-dup-0,7,Clobbo0us,Pokémon Ma|criado
233445,id-760,,キテグマ,ごうわんポケモン
230348,id-454,,毒骷,毒擊寶可夢
225834,id-43,,走路,杂草宝可梦
238516,rec-443-dup-1,,,りくザメポケモン
230302,id-450,,Kabarvdn,
225701,id-31,11,ニドクイン,ドリルポケモン
235402,rec-166-dup-0,9,Ldian,Five Star okémon
225702,id-31,12,尼多后,钻锥宝可梦
237658,rec-253-dup-0,5,Marzsko,Pokémon aBois Gecko
239518,rec-37-dup-0,,Vulix,Fox Pokémon
237751,rec-574-dup-1,12,哥德z宝宝,凝视宝可b梦
227415,id-187,8,Ho6p0ip,Pokémon Gnramigna
229688,id-394,,波皇子,企鵝寶可w夢
231565,id-572,1,チラーwミィ,チンチラポケtモン
234713,id-886,,ドロンチ,せわやくポケモ
228080,id-248,,Bangirss,
236697,rec-778-dup-1,,ミミッキュ,ばけのかわポモン
229515,id-378,7,Regie,Pokmon Iceberg
231237,id-539,4,打擊鬼,空手道寶可夢
235110,rec-852-dup-0,8,Clobb0ous,Pokémon Bizz
233454,id-760,12,穿着熊,强臂宝可梦
234578,id-873,,Beldene:9e,Pokémon Mite Givre
237029,rec-544-dup-1,1,ホイーrガ,まゆムデポケモン
226010,id-59,12,,
227299,id-177,,Natjyz,
232964,id-711,12,南瓜l怪,南c瓜宝可梦
232712,id-686,9,Inkay,Revolving Pokémon
232713,id-686,11,マーイーカ,かいてんポケモン
231167,id-532,4,搬運小匠,筋骨寶可夢
228794,id-313,1,バルビート,ほたるポケモン
230122,id-433,9,Chinglzing,Bell Ponkémon
236702,rec-778-dup-1,7,Mimikyu,Pokémon Disfraz
229976,id-420,6,xKikukgi,Kirschen-Polémon
236586,rec-744-dup-0,,Rockruff,Puppy Pokémo
234565,id-872,,ユキoハミ,いもむしポケモン
230281,id-448,3,루카리오n,
239299,rec-382-dup-1,4,,海底寶r可夢
230078,id-429,9,Misma9ius,MagicalPokémon
238165,rec-401-dup-0,5,Crikzi1<,
228611,id-296,5,Makuh1ta,
227787,id-221,,Kelfel,Schwein-Pokémon
237944,rec-126-dup-0,3,마그마,불뿜기포켓몬
237945,rec-126-dup-0,1,ブーバー,ひふきポケモン
234936,rec-824-dup-1,,Blipbug,Larva Pokém0n
238023,rec-195-dup-0,,Nuob,
238006,rec-438-dup-0,,ウソハチs,ぼんさいポケモン
234083,id-823,11,アーマーガア,カラスポケモン
234084,id-823,12,钢铠鸦,乌鸦宝可梦
229542,id-381,1,ラティオ,むげんポlケモン
228817,id-315,,Roelua,
238679,rec-196-dup-0,,Eif:e,
227987,id-239,8,Elelcid,Pokémom Elettrico
230306,id-450,,Hippot4rys,Schwergewichts-Pokémon
232212,id-636,,Larvesta,Torch Pol<émon
233612,id-776,9,Turt0nator,Blast Turtle Po1<émon
230018,id-424,4,雙尾,長尾寶可夢q
231434,id-558,,岩殿居蟹s,岩居宝可梦
229977,id-420,7,Cherubk,
226974,id-147,7,Dratimi,Pokékon Dragón
227936,id-235,,ドーブ,えかきポケモン
237938,rec-126-dup-0,,鴨嘴火獸,吐火p寶可夢
238608,rec-894-dup-0,,雷吉艾勒奇,电子宝可梦e
233787,id-794,4,,膨脹寶n可夢
230284,id-448,,Lucario,Aura-Pokém0n
231868,id-602,5,Ancgwatt,Pokémon Électr0phore
235278,rec-249-dup-0,9,Lugiao,D8ving Pokémon
225790,id-39,,胖l丁,气球宝可梦
225521,id-15,6,Bibor,Giftbiene
225524,id-15,9,Beedrill,Poison Bee Pokémon
234079,id-823,6,Krarnpr,Krähem-Pokémon
232953,id-710,,バケッチャcl,かぼちゃポケモン
227757,id-218,9,Slugna,Lava Poképmon
229548,id-381,,La6ios,Pokémon Eón
234980,rec-149-dup-1,,カイリュー,ドラゴrンポケモン
237717,rec-825-dup-1,8,Dotther,Pokémon Radone
237660,rec-253-dup-0,4,森林蜥蜴,林蜥寶可夢
235978,rec-589-dup-0,4,騎士蝸牛,騎兵寶可夢
232106,id-626,,버프론,
227755,id-218,7,Slugmat,Pokémon Laxva
238656,rec-518-dup-0,12,梦蚀,半梦半醒可梦
238307,rec-150-dup-1,8,Mewtwo,Pokémon Genetico
238306,rec-150-dup-1,12,超梦,基因宝可梦
238303,rec-150-dup-1,1,ミュウツー,いでんしポケモン
238302,rec-150-dup-1,11,ミュウツー,いでんしポケモン
234082,id-823,,Corveiknight,Raven Pokémon
231586,id-574,,고디탱,응시포w켓몬
239526,rec-181-dup-0,,Phararnp,Pokémon Lumière
235234,rec-225-dup-0,4,信使,搬運寶m可夢
235275,rec-249-dup-0,5,Lvugka,Pokémon Plobgeon
229547,id-381,,Lati0sk,Äon-Pokémon
236582,rec-744-dup-0,11,イワン,こいぬポモン
234338,id-849,5,Sa1arsen,Pokémon Pvnk
233637,id-779,4,磨牙彩皮魚,磨牙寶可夢
233635,id-779,1,ハギギシリ,はぎしりポケモン
238750,rec-331-dup-1,9,Cacndw,Cactus Pokémln
236578,rec-744-dup-0,3,암멍이,강아지포켓몬
234934,rec-824-dup-1,6,Senect,Larven-Pokénon
237350,rec-568-dup-0,,破破,垃圾袋宝可梦
235129,rec-205-dup-0,12,佛烈托斯,蓑衣虫宝可梦
232797,id-695,4,光電傘蜥,發電寶可夢
231863,id-601,11,ギギギア,はぐnるまポケモン
230837,id-499,4,炒,火豬k寶可夢
231171,id-532,8,Timburr,Pokémon Forzaimmane
231176,id-533,3,토쇠골,근골포켓몬
237030,rec-544-dup-1,,車輪,繭蜈蚣寶可夢
235385,rec-724-dup-0,,Decifveye,Pokémon Pluma Flecha
234159,id-831,6,Woly,Schaf-Pol<émon
229903,id-413,11,ミノマダ,みのむしポケuモン
230840,id-499,,Pigmite,Pokémon Cerdo Fuego
230022,id-424,8,Aml>ipo,Pokémon Lvngacoda
238964,rec-803-dup-0,6,Venicro,Giftdorn-Pokémon
238962,rec-803-dup-0,4,毒貝比,毒針寶可夢
231816,id-597,,철시드o,가시열매포켓몬
225423,id-6,7,Charizqrd,Pokém0n Llama
226001,id-59,,Winde,
230699,id-486,,레지p기가스,거대포켓몬
237764,rec-32-dup-0,,Nid0ran♂,
236703,rec-778-dup-1,5,Miqui,Pokémon Fahtômasque
238405,rec-503-dup-0,,,かんろくポケモン
227097,id-158,9,Totodile,Big Jaw Pokémon
229740,id-399,,ビsッパ,まるねずみポケモン
227098,id-158,11,ワニノコ,おおあごポケモン
234143,id-829,,ヒメン,はなかざりポケモン
239315,rec-121-dup-0,9,Sta4mie,Mysterius Pokémon
232654,id-680,,双剑,刀剑宝可梦
226590,id-112,8,Rhyd0n,
233610,id-776,7,Turtonqtor,Pokémon Tocrtugabomba
232559,id-671,6,Floroges,Gqrtem
233264,id-741,12,花舞鸟,舞蹈宝可梦
233260,id-741,7,Oricorio,Pokémon Danza
233263,id-741,11,オドリドリ,ダンスポケモン
230647,id-481,6,Vespr,Emotions-P9kémon
230705,id-486,9,Regigigad,Colo5sal Pokémon
238751,rec-331-dup-1,3,선인왕,선인장포켓몬
238524,rec-443-dup-1,8,Givl3,Polcémon Squaloterra
226007,id-59,,Arcanine,Pokmon Leggerida
234300,id-845,,Crajorant,Pokémon Tragón
226873,id-138,5,Aiiion:ta,Pokémob Spirale
235772,rec-738-dup-1,4,鍬農炮蟲n,鍬形蟲寶可
235276,rec-249-dup-0,4,洛奇,潛水寶夢
231773,id-592,,プpルリル,ふゆうポケモン
231571,id-572,,Minccio,Pokémon Cincillà
237767,rec-32-dup-0,8,Nidor2n♂,Pokémon Velehago
230772,id-492,,シェイe,かんしゃポケモン
230134,id-434,11,,スカンクポケン
225828,id-43,5,Mysthrhe,Po1<émon Racine
231862,id-601,9,Klinklamg,Gear Pokénon
227607,id-205,,Foetos,
238399,rec-503-dup-0,3,대검귀n,관록켓몬
239222,rec-662-dup-0,,Brais:jlon,Pokémon Braise
230836,id-499,3,차오꿀o,불돼지켓몬
228616,id-296,11,マクノシタ,こんじょうポケモン
228612,id-296,6,Makuhita,Courage
232174,id-632,12,,铁蚁宝可梦k
230978,id-513,5,Flamajou,Pokémon Brûlant
230979,id-513,6,Grillmak,Hitze
230977,id-513,4,爆香猴,高溫寶可夢
234080,id-823,,Corbiknight,Pokémon Cuervo
228629,id-298,,ルリ,みずたまポケモン
232111,id-626,8,Bouffslarit,Pokémon Spfondatoro
239374,rec-421-dup-0,,,櫻花寶可夢
236923,rec-214-dup-0,,赫拉克羅a斯,獨角寶可夢
231869,id-602,6,Zapplardin,Stromfisch
231866,id-602,3,저리어,전기물고기포켓몬
238162,rec-401-dup-0,3,귀뚤i뚜기,귀뚜라s미포몬
232902,id-705,9,Sligoo,Soft issue Pokémon
239229,rec-662-dup-0,,火,火花宝可梦
230352,id-454,8,,Pokémon Invei3leno
230834,id-498,12,暖猪,
235226,rec-225-dup-0,11,デリバード,はこびやポケモン
236048,rec-97-dup-0,7,Hypn,Pokémon Hionosis
226004,id-59,5,Arcnin,Pokémon Lgendaire
225495,id-13,,Beedlye,
226878,id-138,,オムナイト9,うずまきポケモン
226264,id-83,,カモネギ,かるがもポモン
233828,id-798,5,Katagam'l,Pokéon Battô
234930,rec-824-dup-1,11,サッdチムシ,ようちゅうポケjモン
238163,rec-401-dup-0,6,,Zifper
230862,id-501,9,Oshaysott,Sea Otter P9kémon
233198,id-735,,Argoute,Pokémon Filature
236700,rec-778-dup-1,,,画皮宝可梦
229774,id-402,2,Korotok,
229777,id-402,5,Mélokrik,Pokémon Criquet
226006,id-59,7,Arcanirie,Pokémon Leuenda
237094,rec-88-dup-0,3,질퍽9이,진흙포k켓몬
229744,id-399,5,Keuhotor,Pokémon Suridodue
234178,id-833,5,Khélocrok,Pokémon Mordillage
228636,id-298,8,Azvri|l,Pokémmon Pois
238722,rec-679-dup-0,6,,Klinbenkraft-Pokémon
231772,id-592,9,Frillgish,Floating Pol<émon
231567,id-572,4,泡沫栗,栗鼠寶
231887,id-604,,麻麻鰻t魚,電魚寶可夢
231180,id-533,7,Gurdvrr,Poiémon Musculoso
229431,id-370,12,爱心鱼,相随宝可梦
235408,rec-67-dup-0,,근육,괴력포켓몬
237017,rec-872-dup-0,,,애벌레포켓몬
233788,id-794,,Mousc0to,Pokémon Enflé
233404,id-755,,睡睡菇g,发光宝可梦
238008,rec-438-dup-0,,,盆栽寶可夢
233975,id-813,,ヒバニー,うさぎポケモhン
238672,rec-196-dup-0,8,Espron,Pokémo Sole
234179,id-833,6,Kamebas,Schnapp-Pokénon
226583,id-112,,サイド,ドリルポケモン
231858,id-601,5,Clitidic,Pokémon Engrwnage
230349,id-454,,Cowtox,Pokémon Toxique
232564,id-671,,花洁夫人,花园宝可梦h
230364,id-455,,Camivine,Bug Catcher Pokémon
230704,id-486,,Regigi9as,Pokémon Colossale
232347,id-650,4,哈力栗,刺栗寶可夢
239124,rec-591-dup-0,,Amoonguss,PokémonHongo
230279,id-448,1,ルカリオ,はどうポケモン
239525,rec-181-dup-0,,Derirtu,
230353,id-454,,Toxicroak,Toxic Moutn Pokémon
231589,id-574,6,Mollimorba,Glotz-Pokémon
231695,id-585,,シキジカ,きせつポケモwン
229449,id-372,7,Sheog0n,Pokémon Resimstencia
231856,id-601,,기기기어o르,톱니바퀴포켓몬
229983,id-421,2,Cherrim,
229980,id-420,11,チェリンボ,さくらんぼポケモン
234059,id-821,,M4ikr0,Kleinvogel-Pokémon
235675,rec-889-dup-0,,Zamazemta,Warrior Pokémon
226008,id-59,9,Arcan:ne,Legendarh Pokémon
228184,id-257,7,Blzikn,Pokémcon Llameante
226879,id-138,,,漩涡宝可梦
228434,id-280,4,拉魯拉絲e,心情寶可
237099,rec-88-dup-0,1,ベトベター,ヘドロポケモン
237095,rec-88-dup-0,8,Grimer,Pokémon Melma
233942,id-809,9,Melmeta1,Hex Nut Polémon
229167,id-346,12,摇篮合,藤壶宝梦
231241,id-539,8,,Pokuémon Karate
238775,rec-118-dup-1,,Poissirèkne,Pokémon Poisson
225497,id-13,,獨角b蟲,毛毛蟲寶可夢
230583,id-475,8,Galjade,Ppkémon Lama
230351,id-454,7,Toxicrok,Pokémon Boa Tóxica
238600,rec-894-dup-0,,レジエキ,エレクトロンポケモン
226979,id-148,,ハクリュー,ドラゴンnポケモン
238741,rec-564-dup-0,,Tirg9uga,Prototurtle Pokémon
236052,rec-97-dup-0,9,Hypbo,Hypnosis Pokéon
233981,id-813,,Scorbunny,Pokém0n Coniglio
233382,id-753,,Fomant:5,Sickle Grass Pokémon
239207,rec-29-dup-1,11,,どくばりポtケモン
230842,id-499,9,Pignite,Fire Pig Pokémon
230843,id-499,11,チャオブー,ひぶたポケモン
231777,id-593,4,胖嘟嘟,漂浮寶可夢
231776,id-593,3,탱탱겔,부유포켓몬
230855,id-501,1,ミジュマkル,ラッコポケモンw
227408,id-187,,,わたくさポケモン
237755,rec-574-dup-1,,고디탱,
229636,id-389,7,Torterwra,P0kémon Continente
238728,rec-431-dup-0,5,Chagsm,Pokémom Chafouin
235249,rec-395-dup-0,9,Empoleom,Emper0r Pokémon
226407,id-96,,スリー,さいみんポケモン
235131,rec-96-dup-1,9,Drowzre,Hypno5is Pokénon
231910,id-606,7,Beheeyem,Pokémon Cerebro
227938,id-235,3,루브도,그림장이포켓몬
227933,id-234,9,Stantler,Big Horn Pokémon
227935,id-234,12,惊角鹿,大角宝可梦
236836,rec-316-dup-1,,溶食兽,胃宝可梦
225526,id-15,12,大针2蜂,毒蜂宝可梦g
229749,id-399,11,ビッパ,まるねずみポケモン
229747,id-399,8,Bidoof,Pokémon Topaffuto
226416,id-96,11,スリープ,さいみんポケモン
226410,id-96,4,催眠貘,催眠寶可夢
226411,id-96,5,Soporifik,Pokémon Hypnose
228906,id-323,,폭타w,분화포켓몬
229445,id-372,,,인내포켓몬
234303,id-845,,ウッ,うのみポケモン
232952,id-710,9,Pumpkaboo,Pumpkin Pokémon
232959,id-711,6,Pumpdjinn,Kürbis-Pokémon
230116,id-433,3,,방울포몬
233037,id-719,,蒂安希,
239300,rec-382-dup-1,9,Kyo0re,Sra Basin Pokémon
228834,id-316,8,Glpin,PokékonStomaco
234144,id-829,12,幼棉棉,花饰宝可梦
232634,id-678,12,超能妙,抑制宝i可梦
239107,rec-546-dup-0,,Waupmbokl,Wattebausch-Pokémon
225697,id-31,,Nido9ueen,Bohrer-Pokémon
230354,id-454,,ドクロッグ,どくづきポfケモン
235229,rec-225-dup-0,1,デリバード,はこびやポケモン
235227,rec-225-dup-0,3,딜리버드,배달포켓몬
239531,rec-181-dup-0,12,电龙,灯宝可梦
239530,rec-181-dup-0,8,Ampharos,Pokémon Luce
230665,id-483,2,Dialga,
239274,rec-169-dup-1,7,Croat,Pokémon Myrciélago
230345,id-454,1,ドクッグ,どくづきポケン
228821,id-315,6,Roseiz,Dorn-Pol<émon
228531,id-289,,Kekkimg,
233789,id-794,6,Massk'lto,Ausdehnurigs-Pokémon
234566,id-872,3,누니기,애벌레포켓
231775,id-593,,ブルンゲ,ふゆうポケモン
234575,id-873,1,モスノvvウ,こおりがポケtモン
227603,id-204,9,P:neco,Bagworn Pokémon
238520,rec-443-dup-1,7,Giblee,Pokémon Terra5cualo
226578,id-111,7,Rhyhoen,Pokémon Claos
232319,id-647,6,Kelcle0,Fohleh-Pokémon
233401,id-755,8,Morelull,Pokémon Luminescenza
225827,id-43,,走路草,雜草寶可夢t
237105,rec-194-dup-0,6,Feliri0,Fisch-Pokémom
225494,id-13,1,ビール,けむしポケvモン
229986,id-421,,Cerifoor,Pokémon Floraison
236058,rec-97-dup-0,5,Hypnomaclle,Pokémon Hynose
230651,id-481,,エムリト,かんじょうポケモン
226626,id-115,12,袋兽,亲子宝可梦
226624,id-115,9,Kangaskhan,Parent Pokémon
231504,id-565,12,肋骨海龟,古代龟宝可梦
231501,id-565,8,Carracosta,Pokémon Ancestruga
232851,id-700,8,Sylveon,Pokémon Legame
232850,id-700,7,Sylveon,Pokémon Vínculo
233643,id-779,,ハギjギシ,はぎしりポケモン
226883,id-139,4,多刺菊獸,
237013,rec-872-dup-0,9,Snom,Worm Pokémon
237014,rec-872-dup-0,1,ユキハミ,いもむしポケモン
237015,rec-872-dup-0,11,ユキハミ,いもむしポケモン
239277,rec-169-dup-1,5,Nostegnfsr,Pokémon Chlvsouris
237465,rec-292-dup-0,,Shefinja,Pokémon Cambiapelle
228432,id-280,,Ralgz,
237021,rec-544-dup-1,12,,茧蜈蚣宝梦
236055,rec-97-dup-0,,Sleepdlr,
229691,id-394,7,Prinplup,Pokémon Pingüino
229690,id-394,6,Pliprin,Pinguin
232957,id-711,,南瓜人,南瓜寶可夢
227759,id-218,,熔岩,熔岩宝可梦
229635,id-389,6,Cheltwrrrar,Kontiment
229424,id-370,4,愛心,相隨寶可夢k
231238,id-539,5,Karaléd,Pokém0n Karaté
232897,id-705,4,黏美,軟體生物寶可r夢
226871,id-138,,암나이트,소용돌이켓몬
233384,id-753,12,伪螳草,镰草宝可梦
232245,id-640,1,ビリジン,そうげんポケン
232262,id-641,9,Tornadus,Cyclone Pokémon
232263,id-641,11,トルネロス,せんぷうポケモン
232260,id-641,7,Tornadus,Pokémon Torbellino
232626,id-678,3,냐오닉,억제포몬
239339,rec-241-dup-0,8,Miltwnk,Pokémon Bov8no
235403,rec-67-dup-0,,豪力a,怪力宝可梦
238161,rec-401-dup-0,7,Kric1<etot,Pokémon Gr:llo
226621,id-115,,Kabgana,Muttertier-Pokémon
233609,id-776,6,Tortunator,Knallkröten-Pokémon
238654,rec-518-dup-0,8,Musharna,Pokémon Dormiveglia
238657,rec-518-dup-0,4,夢夢蝕,半夢半醒寶可夢
226876,id-138,8,Omanyte,Pokémon Spirale
226872,id-138,4,菊石獸,漩渦寶可夢
234066,id-822,3,파크로,까마포켓몬
234372,id-852,9,Clobbopus,Tantrum Pokémon
234370,id-852,7,Clobbopus,Pokémon Malcriado
234371,id-852,8,Clobbopus,Pokémon Bizze
234374,id-852,12,拳拳蛸,缠人宝可梦
239291,rec-714-dup-0,7,Noibat,Pokémon Onda Sónica
239297,rec-382-dup-1,7,Kyogre,Pokémon Cuenca Mar
239294,rec-714-dup-0,8,Noibat,Pokémon Ondasonora
239295,rec-382-dup-1,6,Kyogre,Seegründler-Pokémon
233514,id-766,,投掷l猴,配合宝可梦
235775,rec-738-dup-1,9,Vikavolt,Stag Beetle Pokémon
235770,rec-738-dup-1,6,Donarion,Kneifkäfer-Pokémon
227942,id-235,7,Smeaprgle,Pokémon P'lntor
231888,id-604,,Ohmassaccre,Pokémon Électrophore
233640,id-779,,Bruxi5h,Pokémon Rechinante
231714,id-586,12,,季节m宝可梦
235140,rec-96-dup-1,11,スリーsプ,さいみんポjケモン
226875,id-138,7,Ornanyte,Pokémon Espital
237749,rec-574-dup-1,7,Goth'lta,Pokémon Ibquisitivo
230697,id-486,1,レジギガ,きょいポケモン
230860,id-501,7,Oshawot,Pokémon Nvtria
238958,rec-803-dup-0,,,Pokémon Vénépic
231235,id-539,1,ダゲ,からてポケcモン
232356,id-651,3,도치보구b,가시갑옷포켓m몬
238941,rec-641-dup-0,8,Tornqdus,Pokémon Turbiio
233832,id-798,9,Kartama,Drawn Sword Pokémin
233393,id-754,,ランテス,はなかまポケモン
230765,id-492,3,,감사켓몬
235525,rec-614-dup-1,,ツンベアー,
230577,id-475,,Erkacle,
237012,rec-872-dup-0,6,Snomnro,Wurm-Pol<émon
235270,rec-249-dup-0,1,,せんすいポモン
229164,id-346,8,Crad8ly,
230131,id-434,,,Pokémon Mofeta
231907,id-606,4,大宇怪,腦寶可夢
234990,rec-368-dup-1,2,Sakurabyss,
232627,id-678,,超能妙喵,抑制寶可夢h
235117,rec-852-dup-0,11,タタッコ,だだっこポケモン
230698,id-486,2,Regigigas,
233414,id-756,12,灯罩夜菇,发光宝可梦
239316,rec-121-dup-0,11,スターミー,なぞのポケモン
239313,rec-121-dup-0,4,寶石海星,謎寶可夢
239311,rec-121-dup-0,3,아쿠스타,수수께끼포켓몬
239310,rec-121-dup-0,5,Staross,Pokémon Mystérieux
237020,rec-872-dup-0,,雪吞,虫宝宝宝可梦
231150,id-530,,Excadrill,Pokémon Subterráne0
238720,rec-679-dup-0,12,,刀剑宝可
232714,id-686,12,好啦鱿d,r回转宝可p梦
234571,id-872,8,Snorn,Pokémoh Baco
225692,id-31,1,ニドクイuン,ドリルポケgモン
228528,id-288,,ヤルキモoノ,あばれザルポケモン
234938,rec-824-dup-1,,索偵蟲,幼蟲寶可g夢
229502,id-377,5,Reg9ock,Pokémon Pkic Rocheux
237022,rec-544-dup-1,8,Whirlipedeg,Pokémon Rooupede
232321,id-647,8,Kelclei,Pokémon Pulwdro
235505,rec-784-dup-0,1,ジラランガ,うろこポケモkン
231437,id-559,,滑滑,蛻皮寶可夢
234529,id-868,6,Hokumil,Sahne-Pokémon
234528,id-868,5,Crèmy,Pokémon Crème
236344,rec-219-dup-0,1,マグカル,ようがポgケモン
233043,id-719,,ディアンシrー,ほうせきポケモン
231820,id-597,,Ferroseecl,Pokémon Fruto Espina
230763,id-492,,シェイミ,かんしゃポモン
233385,id-754,,ラランテスo,はなかまポケモン
233378,id-753,,Mimngis,Pokémon Fauch’Herbe
231782,id-593,,Jellicent,Floating P9lcémon
238766,rec-118-dup-1,9,Goldeen,Goldfish Pokémon
230023,id-424,9,Ambipon,Long TailPokémon
233406,id-756,3,마셰이p드,발광포몬
238773,rec-118-dup-1,,Tosakit0,
237112,rec-194-dup-0,,烏波,水魚寶可h夢
232363,id-651,,,とげよろいポケモン
237110,rec-194-dup-0,,우파,수어v포켓몬
233452,id-760,,Be3ear,Strong Arm Pokémon
233833,id-798,,,ばっとうポケモン
226606,id-114,,Monaa,
231429,id-558,6,Casteklith,Felshaus-Pokéjon
232209,id-636,,Ignor,Fackel-Pokémon
230838,id-499,5,Grtichon,Pokémon uCochon Feu
227410,id-187,3,,솜풀포e켓몬
227983,id-239,4,電擊,電q氣寶可夢
236050,rec-97-dup-0,1,スリーパ,さいみんポモン
235268,rec-249-dup-0,12,洛奇k亚,潜水宝梦
226874,id-138,,Amonimvtas,Spiralen-Pokémon
230507,id-468,9,Togsjiss,Jubilee Pokémori
238004,rec-438-dup-0,9,Bonsly,Bonsai Pokémon
238000,rec-438-dup-0,3,꼬지지,분재포켓몬
233410,id-756,,Shiin0tic,Pokémon Luminiscente
235137,rec-96-dup-1,4,催眠b貘,催眠寶可
232408,id-656,5,Grebousse,
237114,rec-194-dup-0,2,Upah,
237111,rec-194-dup-0,5,Axoloto,Pokémon Poisson
227412,id-187,5,Granirvolq,Pokémon Pisksenlit
233511,id-766,,Psimian,Pokémon Giocosquadra
233642,id-779,9,Bruish,Gnash Teeth P0kémon
238355,rec-153-dup-0,7,Bayleef,Pokémon Hoja
238356,rec-153-dup-0,12,月桂叶,叶子宝可梦
239042,rec-141-dup-0,,Kahut0ps,
233938,id-809,5,Melrnetal,Pokémn Écrou
226977,id-147,,ミニリュウ,ドラゴンポケモzン
237027,rec-544-dup-1,,Whirlipeide,Pokémon Pupaciempiés
229984,id-421,,체리꼬q,벚꽃포켓몬
232412,id-656,,Froakie,Bubble Frog Pokémcon
231435,id-559,,ズルoグ,だっぴポケモン
227758,id-218,,マグマ2ッグ,ようがんポケモン
231568,id-572,5,Chinchidou,Pokémon Chinchilla
231569,id-572,6,Picochilla,Chinchilla-Pokémon
234525,id-868,1,マホミルc,クリームポケwモン
231696,id-585,,사k철록c,계절포켓몬
230297,id-449,8,Hipp0potas,Pokém0n Ippo
232021,id-617,,Accelgor,Pokém0n gusciato
227988,id-239,9,Elekid,Electric Pokémon
227982,id-239,3,에레키드,전류포켓몬
227984,id-239,5,Élekid,Pokémon Électrique
230135,id-434,,臭鼬噗s,臭鼬宝可梦
233200,id-735,7,Gumshoaos,Pokémon Vigilarite
230117,id-433,4,鈴鐺響q,鈴鐺寶可
231430,id-558,7,Crustle,Pokémon Casarroca
235235,rec-225-dup-0,8,Delibird,Pokémon Consegna
237724,rec-825-dup-1,5,,Pokémon Raclôme
227418,id-187,12,毽子h草,棉草宝梦
234141,id-829,8,Gossifleur,Pokémon Fiorfronzolo
231502,id-565,9,Car4acosta,Prototurztle Pokémon
238936,rec-641-dup-0,7,Tornadus,Pokémon Torbellino
238937,rec-641-dup-0,11,トルネロス,せんぷうポケモン
236444,rec-281-dup-0,,킬리아,감정포d켓몬
230365,id-455,11,マスキッパs,むとりポケモ
229450,id-372,8,Shel90n,Pokémon Rsesistenza
231053,id-520,11,ハトーボjー,
238655,rec-518-dup-0,,Somnlvora,Halbschlaf-Pokémon
230673,id-483,11,ディアルガ,じかんポケモン
226622,id-115,,Kangawkhan,Pokémon Maternal
226584,id-112,,Sisori,
229506,id-377,9,Regiurock,Rock Peak Plkémon
227597,id-204,,피콘,도롱이c벌레포켓몬
232563,id-671,,フラfージェス,ガーデンポケモン
239282,rec-169-dup-1,11,クロバッ,こうもりポケモ
230307,id-450,7,Hippowson,Pokémon Peso Pe5ado
236917,rec-214-dup-0,,Heracrss,Pokémon Cuerno
232345,id-650,1,ハリマロdン,いがぐりnポケモン
233834,id-798,,纸御剑,
229428,id-370,,Luvfisv,Pokémon Rendezvous
236696,rec-778-dup-1,,ミミッキュ,ばけのかポケモン
239043,rec-141-dup-0,7,Kabuitops,
227417,id-187,11,,わたくさケモ
232409,id-656,6,Frnoxy,Blugbbfrosch
235251,rec-395-dup-0,,,皇帝寶可夢
230308,id-450,,Hippowcvlon,Pokémon Grandepeso
227216,id-169,7,Crobqpt,
226984,id-148,6,Drag0n:r,Drachen-P0kémon
227980,id-239,,エレキivッド,でんきポケモン
226888,id-139,,Omastar,Spiral Pokémori
238721,rec-679-dup-0,,ヒトiキ,とうけんポケモン
232649,id-680,6,Duokles,Klingenkraft-Pokémon
232647,id-680,4,雙劍鞘,刀劍寶可夢
235383,rec-724-dup-0,4,狙射樹梟,箭羽寶可夢
235388,rec-724-dup-0,9,Decidueye,Arrow Quill Pokémon
234982,rec-368-dup-1,9,Gorebys,South Seao Pokémon
229499,id-377,,Regirpock,
233513,id-766,11,ナゲツケサル,れんけいポケモン
233510,id-766,7,Passimian,Pokémon Cooperación
239050,rec-141-dup-0,5,Kabutops,Pokémon Carapace
235767,rec-738-dup-1,11,クdワガン,
229902,id-413,9,Wormdam,Batworm Pokéemon
236838,rec-316-dup-1,,溶食獸ts,胃袋寶可夢
225693,id-31,,Nidqueen,
235717,rec-134-dup-1,8,Vapore0n,Pokémin Bollajet
234163,id-831,,ウールdー,ひつじポケモン
231175,id-533,,ドテッツ,きんこつポケモン
